filename,note_index,actual_pitch,mt_probability,idyom_probability,idyom_ic,transformer_ic,chorale,note,human_average
chorale151.mid,0,71,2.944643e-05,0.0684887433598361,3.8679893000000014,15.051547737953044,151,1,2.930937
chorale151.mid,1,71,0.26958716,0.218427165709198,2.1947758000000004,1.891176309960532,151,2,2.206861
chorale151.mid,2,71,0.671312,0.2373178791369609,2.0751073000000004,0.5749446634289404,151,3,2.336502
chorale151.mid,3,74,0.005307612,0.0231421866833106,5.433331000000005,7.557721374793378,151,4,3.150458
chorale151.mid,4,72,0.030170996,0.3145891894689425,1.6684590000000001,5.05069386649055,151,5,2.130448
chorale151.mid,5,72,0.15565793,0.2026863024764161,2.3026795000000004,2.683549018046546,151,6,3.068759
chorale151.mid,6,71,0.35199913,0.2319065382099554,2.1083846,1.506356231781144,151,7,1.006953
chorale151.mid,7,71,0.22144176,0.5229017233289228,0.93538827,2.1750007803388267,151,8,2.016448
chorale151.mid,8,71,0.37740302,0.4280183932328735,1.2242553,1.4058221273766904,151,9,2.183184
chorale151.mid,9,69,0.04427723,0.0117084344960197,6.416308000000002,4.497291220371261,151,10,3.788874
chorale151.mid,10,71,0.06328635,0.4092851137247315,1.2888219000000003,3.981961826154092,151,11,2.490702
chorale151.mid,11,72,0.21766947,0.2139638242602265,2.2245612000000006,2.1997890234583077,151,12,2.069026
chorale151.mid,12,71,0.27799156,0.3445435607599648,1.5372417000000003,1.846887012409745,151,13,1.92785
chorale151.mid,13,69,0.14876927,0.6388016303881471,0.6465601,2.7488515428845726,151,14,0.82952
chorale151.mid,14,67,0.23877767,0.3252990467832837,1.6201615000000003,2.066260169869964,151,15,0.997265
chorale151.mid,15,71,0.017854474,0.2645430277610882,1.9184257000000002,5.80757055760205,151,16,1.584062
chorale151.mid,16,71,0.4301642,0.3521409960966242,1.5057749,1.217040632031553,151,17,1.030098
chorale151.mid,17,69,0.050487462,0.3329504049632495,1.5866208000000002,4.307931034707857,151,18,3.368064
chorale151.mid,18,69,0.04091782,0.4113431431678477,1.2815857000000002,4.611126905858848,151,19,4.425758
chorale151.mid,19,67,0.23199932,0.3112891073676525,1.6836730000000002,2.1078075181296247,151,20,2.08482
chorale151.mid,20,67,0.53934294,0.1877952659129522,2.4127674,0.8907251957339932,151,21,2.402715
chorale151.mid,21,66,0.33242014,0.0083624679973644,6.901855500000009,1.5889203030380812,151,22,2.732602
chorale151.mid,22,76,0.0017661331,0.2335575034276282,2.0981503,9.145190212641667,151,23,5.696996
chorale151.mid,23,74,0.19029038,0.5368831008975798,0.8973201000000001,2.393725465892885,151,24,1.604776
chorale151.mid,24,72,0.45677197,0.4660796731571082,1.1013515000000003,1.130453973045496,151,25,1.365675
chorale151.mid,25,71,0.28629297,0.3965899434694859,1.33428,1.8044358498754824,151,26,0.731076
chorale151.mid,26,69,0.92956495,0.4445380450162341,1.1696212,0.10537242310543683,151,27,1.400381
chorale151.mid,27,69,0.02074714,0.2425175906616936,2.0438387,5.5909437155896935,151,28,0.649704
chorale151.mid,28,67,0.6037768,0.4165573098558724,1.2634131000000002,0.7279127722325607,151,29,0.362676
chorale61.mid,0,67,1.52399225e-05,0.0856119739107042,3.5460436000000013,16.001784908163973,61,1,4.372806
chorale61.mid,1,65,0.04987107,0.1186145914525714,3.0756466,4.325653032949088,61,2,4.600583
chorale61.mid,2,63,2.337612e-06,0.0692980564028218,3.851041300000001,18.706533080057095,61,3,1.949929
chorale61.mid,3,65,3.5543958e-06,0.1810044033831622,2.4659033000000004,18.101964227602185,61,4,2.467827
chorale61.mid,4,67,7.1329777e-07,0.3653427035684899,1.4526777000000002,20.418992200975413,61,5,1.140613
chorale61.mid,5,68,8.3298113e-07,0.0620392303999797,4.010675400000002,20.195212850449977,61,6,1.101392
chorale61.mid,6,70,9.631523e-05,0.2704692900040412,1.8864632999999997,13.341876529865658,61,7,0.354514
chorale61.mid,7,72,0.3284593,0.15425595603435,2.6966019,1.6062134802786392,61,8,3.126618
chorale61.mid,8,70,0.2308282,0.215341278569787,2.2153032,2.1151086078411656,61,9,2.209907
chorale61.mid,9,68,0.3782742,0.3139225780969838,1.6715193,1.4024957134283418,61,10,1.063258
chorale61.mid,10,67,0.5929009,0.7266281888829133,0.46071076000000005,0.7541371082042558,61,11,1.265056
chorale61.mid,11,65,0.38104776,0.3451456962482908,1.5347226,1.391956260431595,61,12,2.088859
chorale61.mid,12,65,0.06846762,0.0996587300418296,3.3268600000000004,3.868434325933466,61,13,2.563018
chorale61.mid,13,63,0.0655563,0.1611084869344839,2.6338956000000002,3.931121758801144,61,14,0.277938
chorale61.mid,14,67,0.0189335,0.1080906396350286,3.2096865000000006,5.7229150610415305,61,15,2.012911
chorale61.mid,15,70,0.072226144,0.1480655379985816,2.7556922,3.791335039755261,61,16,4.058042
chorale61.mid,16,68,0.5230928,0.1316750762466981,2.9249458000000006,0.9348611824049681,61,17,2.070164
chorale61.mid,17,67,0.32739314,0.5793777553901928,0.7874238,1.6109040021274232,61,18,0.839252
chorale61.mid,18,65,0.29305688,0.5915194203478755,0.7575025599999999,1.7707473874761284,61,19,1.215884
chorale61.mid,19,63,0.20276405,0.2759688237899975,1.8574228,2.3021262092337915,61,20,1.876725
chorale61.mid,20,62,0.099773444,0.0174174556500842,5.843322300000006,3.3252003151711067,61,21,2.228602
chorale61.mid,21,63,0.00015658962,0.2851088445737991,1.8104153000000005,12.640723797002552,61,22,1.129313
chorale61.mid,22,65,0.12501492,0.3648147332880175,1.4547641,2.9998278101960025,61,23,1.531557
chorale61.mid,23,67,0.41534534,0.5379330558467121,0.89450145,1.2676167268020508,61,24,0.780537
chorale61.mid,24,67,0.030429268,0.0885291266847126,3.4977040000000006,5.038396560669897,61,25,3.433885
chorale61.mid,25,68,0.33763006,0.2168109009012425,2.2054908,1.5664847385842064,61,26,2.279673
chorale61.mid,26,67,0.15421385,0.0792916083592873,3.656688,2.6969957548677193,61,27,1.091152
chorale61.mid,27,67,0.22613682,0.1701794098726106,2.5548716000000002,2.1447321814948612,61,28,2.303564
chorale61.mid,28,68,0.39716873,0.1794789557088049,2.4781134,1.3321760542209988,61,29,3.175621
chorale61.mid,29,70,0.5723667,0.2815765900330449,1.8284007,0.8049883556361228,61,30,0.74126
chorale61.mid,30,68,0.105636865,0.3205387988307394,1.6414291,3.242814702696689,61,31,2.336551
chorale61.mid,31,67,0.85820067,0.7398912896998276,0.43461478000000003,0.22061306748400472,61,32,0.90852
chorale61.mid,32,65,0.33812398,0.6178794941643909,0.6946025999999998,1.5643757580400686,61,33,1.039125
chorale61.mid,33,67,0.2704159,0.2372492447915788,2.0755246000000005,1.8867481127319323,61,34,1.979346
chorale61.mid,34,65,0.029654814,0.2055738979567921,2.2822710000000006,5.075589866784935,61,35,3.227
chorale61.mid,35,65,0.028622601,0.2068248871375829,2.2735183,5.126701410816383,61,36,3.311388
chorale61.mid,36,67,0.47956026,0.2714069556679329,1.8814704000000002,1.0602159838340801,61,37,1.49262
chorale61.mid,37,69,0.042567693,0.1628253801426709,2.6186025,4.554097285881272,61,38,2.640952
chorale61.mid,38,70,0.9535129,0.1713108342369385,2.545311700000001,0.06867563811111888,61,39,0.104129
chorale61.mid,39,70,0.35432774,0.1405988305734186,2.8303435000000006,1.4968436777127776,61,40,1.317927
chorale61.mid,40,69,0.14021315,0.1004231507416864,3.3158362000000006,2.8343064349101943,61,41,0.757249
chorale61.mid,41,70,0.7679364,0.3483885947265234,1.5212307,0.38094126207121415,61,42,0.258914
chorale61.mid,42,70,0.3057159,0.258190782148074,1.9534906000000005,1.7097365074821536,61,43,2.448113
chorale61.mid,43,67,0.008805962,0.0870694427345942,3.5216897000000005,6.8273036659754975,61,44,3.804334
chorale61.mid,44,72,0.027874466,0.0248738735018786,5.3292250000000045,5.164912022644246,61,45,3.822769
chorale61.mid,45,70,0.50796074,0.4294935289537913,1.2192917,0.9772110986696333,61,46,0.93452
chorale61.mid,46,68,0.38929695,0.1516447860242442,2.7212322000000007,1.3610570531487671,61,47,1.274562
chorale61.mid,47,67,0.9582951,0.7579333218692382,0.39985716000000004,0.061458103071860455,61,48,0.688547
chorale61.mid,48,65,0.21306826,0.6326380348997271,0.6605478000000001,2.230612398768613,61,49,0.545192
chorale61.mid,49,67,0.4803069,0.2072406185752669,2.2706213,1.0579715606733129,61,50,1.992135
chorale61.mid,50,68,0.8353174,0.1522496693438982,2.715489,0.25960360460912807,61,51,1.080698
chorale61.mid,51,70,0.80269426,0.4298507712674893,1.2180922000000003,0.3170775138383384,61,52,0.435768
chorale61.mid,52,68,0.30907232,0.1643078826301812,2.6055264000000005,1.693983640260558,61,53,1.358832
chorale61.mid,53,67,0.9693257,0.7924403569718473,0.33562574,0.0449465924837728,61,54,0.449822
chorale61.mid,54,65,0.69986594,0.6589172494820594,0.6018308,0.5148494960007796,61,55,0.384458
chorale61.mid,55,65,0.039338313,0.1477868489731278,2.7584102,4.6679210999447545,61,56,0.201493
chorale61.mid,56,63,0.24546081,0.3826903162382873,1.3857507000000002,2.0264353910476247,61,57,0.074001
