filename,note_index,actual_pitch,mt_probability,idyom_probability,idyom_ic
chorale151.mid,0,71,2.944643e-05,0.06848874335983615,3.8679893
chorale151.mid,1,71,0.26958716,0.21842716570919807,2.1947758
chorale151.mid,2,71,0.671312,0.23731787913696092,2.0751073
chorale151.mid,3,74,0.005307612,0.023142186683310688,5.433331
chorale151.mid,4,72,0.030170996,0.31458918946894254,1.668459
chorale151.mid,5,72,0.15565793,0.20268630247641614,2.3026795
chorale151.mid,6,71,0.35199913,0.23190653820995544,2.1083846
chorale151.mid,7,71,0.22144176,0.5229017233289228,0.93538827
chorale151.mid,8,71,0.37740302,0.4280183932328735,1.2242553
chorale151.mid,9,69,0.04427723,0.011708434496019717,6.416308
chorale151.mid,10,71,0.06328635,0.40928511372473153,1.2888219
chorale151.mid,11,72,0.21766947,0.21396382426022656,2.2245612
chorale151.mid,12,71,0.27799156,0.34454356075996484,1.5372417
chorale151.mid,13,69,0.14876927,0.6388016303881471,0.6465601
chorale151.mid,14,67,0.23877767,0.32529904678328375,1.6201615
chorale151.mid,15,71,0.017854474,0.2645430277610882,1.9184257
chorale151.mid,16,71,0.4301642,0.3521409960966242,1.5057749
chorale151.mid,17,69,0.050487462,0.33295040496324957,1.5866208
chorale151.mid,18,69,0.04091782,0.41134314316784776,1.2815857
chorale151.mid,19,67,0.23199932,0.31128910736765253,1.683673
chorale151.mid,20,67,0.53934294,0.1877952659129522,2.4127674
chorale151.mid,21,66,0.33242014,0.008362467997364452,6.9018555
chorale151.mid,22,76,0.0017661331,0.2335575034276282,2.0981503
chorale151.mid,23,74,0.19029038,0.5368831008975798,0.8973201
chorale151.mid,24,72,0.45677197,0.46607967315710824,1.1013515
chorale151.mid,25,71,0.28629297,0.39658994346948595,1.33428
chorale151.mid,26,69,0.92956495,0.4445380450162341,1.1696212
chorale151.mid,27,69,0.02074714,0.24251759066169362,2.0438387
chorale151.mid,28,67,0.6037768,0.41655730985587247,1.2634131
chorale61.mid,0,67,1.52399225e-05,0.08561197391070427,3.5460436
chorale61.mid,1,65,0.04987107,0.11861459145257142,3.0756466
chorale61.mid,2,63,2.337612e-06,0.06929805640282186,3.8510413
chorale61.mid,3,65,3.5543958e-06,0.18100440338316226,2.4659033
chorale61.mid,4,67,7.1329777e-07,0.36534270356848997,1.4526777
chorale61.mid,5,68,8.3298113e-07,0.062039230399979765,4.0106754
chorale61.mid,6,70,9.631523e-05,0.2704692900040412,1.8864633
chorale61.mid,7,72,0.3284593,0.15425595603435,2.6966019
chorale61.mid,8,70,0.2308282,0.21534127856978702,2.2153032
chorale61.mid,9,68,0.3782742,0.3139225780969838,1.6715193
chorale61.mid,10,67,0.5929009,0.7266281888829133,0.46071076
chorale61.mid,11,65,0.38104776,0.3451456962482908,1.5347226
chorale61.mid,12,65,0.06846762,0.09965873004182962,3.32686
chorale61.mid,13,63,0.0655563,0.16110848693448396,2.6338956
chorale61.mid,14,67,0.0189335,0.10809063963502864,3.2096865
chorale61.mid,15,70,0.072226144,0.1480655379985816,2.7556922
chorale61.mid,16,68,0.5230928,0.13167507624669816,2.9249458
chorale61.mid,17,67,0.32739314,0.5793777553901928,0.7874238
chorale61.mid,18,65,0.29305688,0.5915194203478755,0.75750256
chorale61.mid,19,63,0.20276405,0.2759688237899975,1.8574228
chorale61.mid,20,62,0.099773444,0.017417455650084273,5.8433223
chorale61.mid,21,63,0.00015658962,0.28510884457379915,1.8104153
chorale61.mid,22,65,0.12501492,0.3648147332880175,1.4547641
chorale61.mid,23,67,0.41534534,0.5379330558467121,0.89450145
chorale61.mid,24,67,0.030429268,0.08852912668471263,3.497704
chorale61.mid,25,68,0.33763006,0.2168109009012425,2.2054908
chorale61.mid,26,67,0.15421385,0.07929160835928731,3.656688
chorale61.mid,27,67,0.22613682,0.17017940987261065,2.5548716
chorale61.mid,28,68,0.39716873,0.1794789557088049,2.4781134
chorale61.mid,29,70,0.5723667,0.2815765900330449,1.8284007
chorale61.mid,30,68,0.105636865,0.3205387988307394,1.6414291
chorale61.mid,31,67,0.85820067,0.7398912896998276,0.43461478
chorale61.mid,32,65,0.33812398,0.6178794941643909,0.6946026
chorale61.mid,33,67,0.2704159,0.23724924479157888,2.0755246
chorale61.mid,34,65,0.029654814,0.20557389795679218,2.282271
chorale61.mid,35,65,0.028622601,0.2068248871375829,2.2735183
chorale61.mid,36,67,0.47956026,0.27140695566793294,1.8814704
chorale61.mid,37,69,0.042567693,0.1628253801426709,2.6186025
chorale61.mid,38,70,0.9535129,0.17131083423693858,2.5453117
chorale61.mid,39,70,0.35432774,0.14059883057341865,2.8303435
chorale61.mid,40,69,0.14021315,0.10042315074168642,3.3158362
chorale61.mid,41,70,0.7679364,0.3483885947265234,1.5212307
chorale61.mid,42,70,0.3057159,0.25819078214807406,1.9534906
chorale61.mid,43,67,0.008805962,0.08706944273459423,3.5216897
chorale61.mid,44,72,0.027874466,0.02487387350187868,5.329225
chorale61.mid,45,70,0.50796074,0.4294935289537913,1.2192917
chorale61.mid,46,68,0.38929695,0.15164478602424422,2.7212322
chorale61.mid,47,67,0.9582951,0.7579333218692382,0.39985716
chorale61.mid,48,65,0.21306826,0.6326380348997271,0.6605478
chorale61.mid,49,67,0.4803069,0.20724061857526693,2.2706213
chorale61.mid,50,68,0.8353174,0.1522496693438982,2.715489
chorale61.mid,51,70,0.80269426,0.42985077126748933,1.2180922
chorale61.mid,52,68,0.30907232,0.16430788263018126,2.6055264
chorale61.mid,53,67,0.9693257,0.7924403569718473,0.33562574
chorale61.mid,54,65,0.69986594,0.6589172494820594,0.6018308
chorale61.mid,55,65,0.039338313,0.1477868489731278,2.7584102
chorale61.mid,56,63,0.24546081,0.38269031623828736,1.3857507
