0,1,2,3,4,5,6,7,8,9,10,11,12,13,14,15,16,17,18,19,20,21,22,23,24,25,26,27,28,29,30,31,32,33,34,35,36,37,38,39,40,41,42,43,44,45,46,47,48,49,50,51,52,53,54,55,56,57,58,59,60,61,62,63,64,65,66,67,68,69,70,71,72,73,74,75,76,77,78,79,80,81,82,83,84,85,86,87,88,89,90,91,92,93,94,95,96,97,98,99,100,101,102,103,104,105,106,107,108,109,110,111,112,113,114,115,116,117,118,119,120,121,122,123,124,125,126,127
1.9598214e-09,2.088612e-09,2.1002489e-09,1.9107962e-09,2.0876678e-09,2.0274589e-09,2.1264288e-09,1.9892077e-09,2.0312094e-09,1.9486244e-09,2.26555e-09,1.981411e-09,2.063287e-09,2.118846e-09,1.9791635e-09,2.0356192e-09,1.9549569e-09,1.9514885e-09,1.965579e-09,2.068433e-09,2.1521884e-09,3.4929715e-10,6.801066e-10,3.2476266e-10,3.069178e-10,4.3251977e-10,4.6669235e-10,3.5771489e-10,3.0914923e-10,2.230561e-10,1.9769328e-10,3.6429182e-10,2.77302e-10,1.3524161e-10,3.017713e-10,2.2351392e-10,9.8974884e-11,1.5928851e-10,1.8730831e-10,1.5439479e-10,2.013227e-10,8.017722e-11,1.2061398e-10,1.9922101e-10,1.4773932e-10,1.292248e-10,1.6641284e-10,1.9327541e-07,2.3016391e-06,3.060782e-07,2.2375646e-06,2.6422872e-06,6.527884e-06,1.1442271e-05,5.789157e-06,1.7846778e-05,1.5145505e-06,1.2128722e-05,2.043614e-05,1.4611376e-05,3.725098e-05,1.1195102e-05,3.9254737e-05,5.1816747e-05,7.4658536e-05,5.1638268e-05,7.3252677e-06,8.5856496e-05,1.8254243e-05,7.138208e-05,0.00010500845,5.8852296e-05,4.8431266e-05,2.6954232e-05,6.275438e-05,1.5669111e-05,5.608855e-06,2.1005895e-05,3.9574143e-06,5.0854833e-06,6.860513e-07,1.0624109e-06,2.41124e-07,1.3617571e-07,3.4391326e-10,4.2111184e-10,2.8585956e-10,2.7276914e-10,2.4905975e-10,2.6277572e-10,6.2012345e-10,3.2083525e-10,1.520568e-10,4.2639936e-10,3.777062e-10,4.6803306e-10,3.2442712e-10,4.242018e-10,2.1739005e-10,4.579783e-10,2.1604292e-10,3.262509e-10,2.831075e-10,3.5408051e-10,2.3074496e-10,3.86633e-10,7.0277234e-10,1.0101485e-09,1.3837598e-09,2.0403073e-09,2.0179605e-09,1.9808328e-09,1.9809387e-09,2.0301212e-09,2.1146027e-09,2.0187496e-09,2.2067546e-09,1.9656954e-09,1.999833e-09,2.1220614e-09,2.0517101e-09,2.086068e-09,1.9205335e-09,2.0641606e-09,2.0466095e-09,2.1136872e-09,2.017614e-09,2.1112898e-09
4.7040936e-13,4.884863e-13,4.9771065e-13,4.3579333e-13,4.8740303e-13,4.231369e-13,4.892323e-13,3.961138e-13,4.887072e-13,4.3151463e-13,4.763658e-13,4.728904e-13,4.933949e-13,5.1098497e-13,4.614692e-13,4.92808e-13,4.568922e-13,4.7779895e-13,4.488335e-13,5.0057907e-13,5.151243e-13,7.894495e-13,6.665466e-13,6.978717e-13,9.114089e-13,2.222371e-12,1.2600457e-12,2.2982408e-12,8.333081e-13,2.2808734e-12,8.379174e-13,3.1631963e-12,2.047844e-12,3.1357078e-12,2.7118975e-12,1.86086e-12,1.970888e-12,1.2063617e-12,1.1575209e-12,1.6107717e-12,1.9988115e-12,1.2943261e-12,1.1933582e-12,8.6068224e-13,5.8248225e-13,1.0376504e-12,6.866068e-13,1.1811258e-08,1.6634622e-06,1.8972402e-08,7.145897e-07,1.538964e-07,2.4013827e-06,2.0741209e-06,6.237079e-07,5.2585547e-06,9.736959e-08,4.074276e-06,2.1288831e-06,5.6695553e-06,2.253698e-05,1.3415768e-06,0.00011252608,5.274172e-05,0.00073342776,0.000112404996,1.30662875e-05,0.00030863524,1.638689e-05,0.0002457723,3.669952e-05,0.00012746255,7.614846e-05,3.3407963e-05,7.7330005e-05,4.4869726e-06,2.9035085e-05,4.355942e-06,1.9024167e-06,1.9927138e-06,1.7819193e-07,1.5324173e-07,2.4013161e-08,2.3992651e-08,3.0402063e-12,1.8921481e-12,9.971206e-13,1.554273e-12,2.5626018e-12,2.352069e-12,3.1641074e-12,2.0320898e-12,1.246768e-12,3.0109253e-12,1.6773545e-12,1.5409102e-12,3.3828346e-12,2.271795e-12,2.1864186e-12,2.7343976e-12,3.5955251e-12,3.5867234e-12,2.9337704e-12,1.3073121e-12,4.5979025e-13,1.0002387e-12,1.388943e-12,1.1308083e-12,8.852873e-13,4.9115085e-13,4.4272195e-13,4.734852e-13,5.121461e-13,5.195508e-13,4.7102524e-13,5.06906e-13,4.776003e-13,4.488934e-13,4.7775976e-13,4.78399e-13,4.511629e-13,4.451334e-13,4.8511775e-13,4.600929e-13,3.9053087e-13,5.484976e-13,4.6664707e-13,4.761614e-13
2.7462618e-12,2.7480956e-12,2.682276e-12,2.286287e-12,2.7725719e-12,2.3678815e-12,2.5181606e-12,2.0813147e-12,2.6037707e-12,2.460799e-12,2.4820818e-12,2.5797953e-12,2.6692112e-12,2.7133144e-12,2.5714637e-12,2.5554459e-12,2.6100359e-12,2.5089653e-12,2.4348076e-12,2.8300886e-12,2.8470566e-12,2.3883063e-12,2.5645376e-12,3.583577e-12,1.2955261e-12,2.9386534e-12,2.4988976e-12,4.789488e-12,1.4948861e-12,3.534087e-12,2.7341152e-12,5.961762e-12,3.8931575e-12,5.360372e-12,3.6494926e-12,3.8458932e-12,3.3051764e-12,3.958979e-12,1.8357592e-12,8.2995355e-12,8.052152e-12,4.663536e-12,6.8095976e-12,4.0901544e-12,4.7341037e-12,3.1790909e-12,4.3285926e-12,1.7279277e-08,1.2019473e-06,8.281905e-08,1.1391905e-06,1.5166286e-06,6.8252807e-06,3.343165e-06,1.686947e-05,7.0230024e-05,1.9607812e-06,2.3561404e-05,0.00013005138,0.00010166366,0.0003728708,9.912724e-05,0.0035746575,0.006147263,0.023682207,0.005239627,0.007807155,0.29735214,0.0070734527,0.050407015,0.016984306,0.012192261,0.0070468904,0.0045071184,0.005541503,0.00056836545,0.0003464077,0.00011925164,3.7865702e-05,2.9860714e-05,1.9584152e-06,4.5379818e-07,9.781762e-08,7.763549e-08,9.922468e-12,8.1488245e-12,4.1720186e-12,1.1088648e-11,8.312431e-12,3.3346212e-12,1.6119555e-11,6.1689265e-12,3.917784e-12,1.0417438e-11,7.0090934e-12,9.0736255e-12,9.008545e-12,5.561013e-12,6.5186433e-12,9.415644e-12,7.1774587e-12,8.925288e-12,1.1594745e-11,9.90904e-12,3.9064346e-12,2.649106e-12,8.1874455e-12,3.5482238e-12,2.7796834e-12,2.6597177e-12,2.48555e-12,2.4618458e-12,2.8770695e-12,2.5906976e-12,2.3651777e-12,2.6299447e-12,2.6009613e-12,2.504576e-12,2.690428e-12,2.5815279e-12,2.3914104e-12,2.3196258e-12,2.9677521e-12,2.3727598e-12,2.149727e-12,2.6250135e-12,2.641709e-12,2.4170397e-12
1.9598214e-09,2.088612e-09,2.1002489e-09,1.9107962e-09,2.0876678e-09,2.0274589e-09,2.1264288e-09,1.9892077e-09,2.0312094e-09,1.9486244e-09,2.26555e-09,1.981411e-09,2.063287e-09,2.118846e-09,1.9791635e-09,2.0356192e-09,1.9549569e-09,1.9514885e-09,1.965579e-09,2.068433e-09,2.1521884e-09,3.4929715e-10,6.801066e-10,3.2476266e-10,3.069178e-10,4.3251977e-10,4.6669235e-10,3.5771489e-10,3.0914923e-10,2.230561e-10,1.9769328e-10,3.6429182e-10,2.77302e-10,1.3524161e-10,3.017713e-10,2.2351392e-10,9.8974884e-11,1.5928851e-10,1.8730831e-10,1.5439479e-10,2.013227e-10,8.017722e-11,1.2061398e-10,1.9922101e-10,1.4773932e-10,1.292248e-10,1.6641284e-10,1.9327541e-07,2.3016391e-06,3.060782e-07,2.2375646e-06,2.6422872e-06,6.527884e-06,1.1442271e-05,5.789157e-06,1.7846778e-05,1.5145505e-06,1.2128722e-05,2.043614e-05,1.4611376e-05,3.725098e-05,1.1195102e-05,3.9254737e-05,5.1816747e-05,7.4658536e-05,5.1638268e-05,7.3252677e-06,8.5856496e-05,1.8254243e-05,7.138208e-05,0.00010500845,5.8852296e-05,4.8431266e-05,2.6954232e-05,6.275438e-05,1.5669111e-05,5.608855e-06,2.1005895e-05,3.9574143e-06,5.0854833e-06,6.860513e-07,1.0624109e-06,2.41124e-07,1.3617571e-07,3.4391326e-10,4.2111184e-10,2.8585956e-10,2.7276914e-10,2.4905975e-10,2.6277572e-10,6.2012345e-10,3.2083525e-10,1.520568e-10,4.2639936e-10,3.777062e-10,4.6803306e-10,3.2442712e-10,4.242018e-10,2.1739005e-10,4.579783e-10,2.1604292e-10,3.262509e-10,2.831075e-10,3.5408051e-10,2.3074496e-10,3.86633e-10,7.0277234e-10,1.0101485e-09,1.3837598e-09,2.0403073e-09,2.0179605e-09,1.9808328e-09,1.9809387e-09,2.0301212e-09,2.1146027e-09,2.0187496e-09,2.2067546e-09,1.9656954e-09,1.999833e-09,2.1220614e-09,2.0517101e-09,2.086068e-09,1.9205335e-09,2.0641606e-09,2.0466095e-09,2.1136872e-09,2.017614e-09,2.1112898e-09
3.4752184e-11,3.2737316e-11,3.728123e-11,3.264092e-11,3.521391e-11,3.442706e-11,3.356087e-11,3.1972005e-11,3.6330473e-11,3.3467284e-11,3.513957e-11,3.533987e-11,3.6029187e-11,3.417231e-11,3.1694043e-11,3.5881055e-11,3.5247645e-11,2.917855e-11,3.1321095e-11,3.5750715e-11,3.5232855e-11,4.857124e-11,4.5863868e-11,5.294124e-11,7.4623245e-11,9.3474346e-11,5.1619667e-11,9.920351e-11,3.222264e-11,3.8050053e-11,2.142474e-11,2.8588654e-11,3.7218565e-11,3.5376285e-11,3.943771e-11,1.1790729e-11,2.9851704e-11,5.4947383e-11,1.2669647e-11,3.201643e-11,3.6384982e-11,3.4379947e-11,2.2461501e-11,1.4469909e-11,3.0012357e-11,4.0066558e-11,2.6499152e-11,1.01589436e-07,2.1304877e-05,6.1949515e-07,6.296539e-06,2.1012936e-05,1.737481e-05,6.811101e-05,1.422437e-05,4.019788e-05,5.812665e-06,2.5869485e-05,0.00028537365,2.3923903e-05,0.00038636546,1.641527e-05,0.000662812,0.002335596,0.00063345506,0.0022668883,0.00014155296,0.005116774,0.0025323415,0.008130719,0.009141577,0.0015385121,0.0030493683,0.0011885475,0.0027071112,0.0009643852,0.00019288469,0.0007409439,4.2426094e-05,4.1190135e-05,1.6395275e-05,3.6690485e-06,7.6627776e-07,1.4654208e-07,8.718785e-11,5.126037e-11,2.685512e-11,9.020565e-11,5.431779e-11,6.025174e-11,1.07937326e-10,2.7053877e-11,4.4964258e-11,1.12495964e-10,6.316545e-11,3.3878195e-11,7.933973e-11,9.223181e-11,5.3172987e-11,4.5142484e-11,6.105459e-11,8.017458e-11,9.1279415e-11,9.025315e-11,1.0497263e-10,5.070068e-11,1.4750076e-10,8.227209e-11,6.537371e-11,3.558988e-11,3.2358262e-11,3.1915706e-11,3.6088337e-11,3.460917e-11,3.6550384e-11,3.9156338e-11,3.6006104e-11,3.1939944e-11,3.703883e-11,3.597782e-11,3.3364287e-11,3.4132835e-11,3.5028886e-11,3.3310493e-11,3.3855457e-11,3.6862353e-11,3.4661888e-11,3.3740195e-11
7.3247853e-13,6.7030615e-13,7.2589997e-13,6.149011e-13,7.061193e-13,6.340693e-13,6.6418724e-13,5.511475e-13,6.566859e-13,5.9189974e-13,6.649909e-13,6.647474e-13,6.688018e-13,6.690263e-13,6.6364774e-13,7.0698585e-13,6.700659e-13,5.856794e-13,5.933466e-13,6.8218266e-13,6.857127e-13,7.2768825e-13,6.3002115e-13,2.1966717e-12,6.432147e-13,1.0654044e-12,7.8937096e-13,2.624918e-12,5.277324e-13,9.09835e-13,9.285818e-13,6.9282107e-13,3.9262425e-13,1.1982183e-12,8.041174e-13,1.3295893e-12,9.324652e-13,9.559317e-13,5.8040486e-13,2.775577e-12,3.459886e-12,1.6629173e-12,2.7135627e-12,6.410481e-13,9.82433e-13,1.2085054e-12,1.0692641e-12,7.384375e-09,4.14616e-07,2.7599409e-08,1.6063359e-07,1.8908364e-06,3.008768e-07,2.1091512e-06,2.1521066e-06,4.771148e-06,2.0123079e-07,1.9786337e-06,6.717129e-05,3.4561635e-06,6.397993e-05,1.9522986e-06,0.00013716174,0.0011229038,0.00011062766,0.00087539566,8.3566134e-05,0.005436692,0.00018612112,0.0010416575,0.0027384905,0.0001319249,0.0003608596,2.9330331e-05,0.00015979988,6.795252e-05,3.5257656e-06,2.8872357e-05,8.7371e-07,2.9836758e-06,3.8717437e-07,3.0925616e-08,8.069003e-08,1.1542555e-08,4.5772795e-12,2.8939381e-12,1.8320829e-12,3.5116176e-12,2.9272578e-12,2.7615622e-12,1.1888194e-11,2.778999e-12,1.6622608e-12,6.636633e-12,5.593212e-12,2.3392416e-12,7.2004525e-12,4.16225e-12,3.7666467e-12,3.4843298e-12,3.3488344e-12,4.031299e-12,5.769659e-12,3.826707e-12,1.892476e-12,1.5434394e-12,3.985595e-12,8.058201e-13,8.722321e-13,6.869943e-13,6.476169e-13,6.270863e-13,7.394818e-13,6.6746115e-13,6.4786154e-13,6.847351e-13,6.8933856e-13,6.004106e-13,6.5109474e-13,6.6452426e-13,6.1828814e-13,5.859252e-13,7.221107e-13,5.9301175e-13,5.840139e-13,7.0211854e-13,6.6768786e-13,6.2143894e-13
1.9598214e-09,2.088612e-09,2.1002489e-09,1.9107962e-09,2.0876678e-09,2.0274589e-09,2.1264288e-09,1.9892077e-09,2.0312094e-09,1.9486244e-09,2.26555e-09,1.981411e-09,2.063287e-09,2.118846e-09,1.9791635e-09,2.0356192e-09,1.9549569e-09,1.9514885e-09,1.965579e-09,2.068433e-09,2.1521884e-09,3.4929715e-10,6.801066e-10,3.2476266e-10,3.069178e-10,4.3251977e-10,4.6669235e-10,3.5771489e-10,3.0914923e-10,2.230561e-10,1.9769328e-10,3.6429182e-10,2.77302e-10,1.3524161e-10,3.017713e-10,2.2351392e-10,9.8974884e-11,1.5928851e-10,1.8730831e-10,1.5439479e-10,2.013227e-10,8.017722e-11,1.2061398e-10,1.9922101e-10,1.4773932e-10,1.292248e-10,1.6641284e-10,1.9327541e-07,2.3016391e-06,3.060782e-07,2.2375646e-06,2.6422872e-06,6.527884e-06,1.1442271e-05,5.789157e-06,1.7846778e-05,1.5145505e-06,1.2128722e-05,2.043614e-05,1.4611376e-05,3.725098e-05,1.1195102e-05,3.9254737e-05,5.1816747e-05,7.4658536e-05,5.1638268e-05,7.3252677e-06,8.5856496e-05,1.8254243e-05,7.138208e-05,0.00010500845,5.8852296e-05,4.8431266e-05,2.6954232e-05,6.275438e-05,1.5669111e-05,5.608855e-06,2.1005895e-05,3.9574143e-06,5.0854833e-06,6.860513e-07,1.0624109e-06,2.41124e-07,1.3617571e-07,3.4391326e-10,4.2111184e-10,2.8585956e-10,2.7276914e-10,2.4905975e-10,2.6277572e-10,6.2012345e-10,3.2083525e-10,1.520568e-10,4.2639936e-10,3.777062e-10,4.6803306e-10,3.2442712e-10,4.242018e-10,2.1739005e-10,4.579783e-10,2.1604292e-10,3.262509e-10,2.831075e-10,3.5408051e-10,2.3074496e-10,3.86633e-10,7.0277234e-10,1.0101485e-09,1.3837598e-09,2.0403073e-09,2.0179605e-09,1.9808328e-09,1.9809387e-09,2.0301212e-09,2.1146027e-09,2.0187496e-09,2.2067546e-09,1.9656954e-09,1.999833e-09,2.1220614e-09,2.0517101e-09,2.086068e-09,1.9205335e-09,2.0641606e-09,2.0466095e-09,2.1136872e-09,2.017614e-09,2.1112898e-09
2.060361e-11,1.988912e-11,2.0746245e-11,1.8750501e-11,2.0577063e-11,1.8058064e-11,1.9904906e-11,1.738128e-11,1.9631402e-11,1.8639392e-11,2.174333e-11,2.094832e-11,2.0548197e-11,2.0816245e-11,2.008568e-11,2.1001728e-11,1.9609396e-11,1.9094155e-11,1.813303e-11,2.1235473e-11,2.087067e-11,1.8107385e-11,1.8618428e-11,1.6552372e-11,1.4479319e-11,2.75382e-11,1.9653055e-11,3.8497754e-11,8.412689e-12,3.229025e-11,1.4094084e-11,3.0181177e-11,3.430389e-11,2.2595172e-11,2.3486301e-11,1.9325791e-11,1.5905667e-11,2.2118703e-11,1.8925915e-11,3.8016743e-11,3.0710597e-11,2.0420981e-11,2.5203324e-11,2.0246882e-11,1.9723579e-11,2.4249637e-11,2.453057e-11,1.0166084e-07,1.5904245e-05,4.383737e-07,8.318566e-06,8.594843e-05,6.29933e-06,0.00010591636,1.41097835e-05,0.00014918778,1.3420307e-05,8.7172135e-05,0.006515593,3.7185247e-05,0.0024689022,4.308548e-05,0.004753914,0.1021702,0.00028522342,0.008838857,4.959615e-05,0.009654354,0.0012863238,0.0020856776,0.028455209,0.00049630663,0.007517876,0.00025965454,0.0060133575,0.0027421168,2.406823e-05,0.00057677075,1.5356567e-05,7.467371e-05,5.860511e-06,1.6614442e-06,1.3908892e-06,2.656848e-07,2.6687885e-11,2.938009e-11,1.8044842e-11,3.9553333e-11,1.5612608e-11,2.0627047e-11,7.696192e-11,2.8348913e-11,3.030705e-11,6.442207e-11,3.5871535e-11,3.7934676e-11,7.962426e-11,1.8271867e-11,6.862182e-11,5.3887363e-11,2.0148914e-11,2.4806716e-11,4.5396926e-11,3.3005904e-11,2.4776877e-11,1.5950965e-11,3.3555995e-11,2.3286557e-11,2.2614619e-11,2.1086582e-11,2.0016419e-11,1.8897203e-11,2.125079e-11,2.0089435e-11,2.0393425e-11,2.0178375e-11,2.1576631e-11,2.0752261e-11,2.0030512e-11,2.2013905e-11,1.908345e-11,1.8724305e-11,2.0021308e-11,1.951269e-11,1.90545e-11,1.9820045e-11,2.174499e-11,2.0445184e-11
5.093623e-12,4.7652247e-12,5.028839e-12,4.4362847e-12,5.1404016e-12,4.4135472e-12,4.7247427e-12,4.027382e-12,4.799769e-12,4.481563e-12,4.9236305e-12,4.9691705e-12,4.773676e-12,4.774441e-12,4.7940783e-12,4.9702035e-12,4.673511e-12,4.6267877e-12,4.3863147e-12,5.2301124e-12,5.0208553e-12,4.827312e-12,4.2646e-12,7.9941435e-12,3.3949811e-12,4.83037e-12,6.0598896e-12,9.178941e-12,2.7739805e-12,6.4107335e-12,4.6024595e-12,5.80431e-12,3.7539112e-12,5.769674e-12,4.3908605e-12,7.566408e-12,4.1135728e-12,3.4275326e-12,3.0827574e-12,1.16504376e-11,1.0438347e-11,6.066412e-12,1.3612692e-11,4.300401e-12,5.6897434e-12,4.84348e-12,5.7681663e-12,3.614601e-08,2.2556778e-06,7.0833785e-08,9.3474256e-07,1.3864879e-05,1.3220306e-06,1.1480662e-05,8.5353495e-06,6.721894e-05,2.4895965e-06,1.8765586e-05,0.001679088,4.1527914e-05,0.0021433039,4.0326002e-05,0.0055788225,0.08837818,0.0017988543,0.032967936,0.0013391129,0.2704536,0.008030297,0.025459064,0.15219046,0.0054138987,0.027384782,0.0008747565,0.011999658,0.004642318,5.1265895e-05,0.0009192035,1.713404e-05,8.065473e-05,2.8716029e-06,2.852351e-07,4.3271115e-07,9.841334e-08,1.2618121e-11,1.2265854e-11,7.323969e-12,1.64037e-11,9.357284e-12,8.426428e-12,4.8491853e-11,1.1774063e-11,8.896925e-12,2.1517638e-11,1.6284616e-11,2.130877e-11,2.5087715e-11,1.0667008e-11,1.9185441e-11,1.5638345e-11,8.75176e-12,1.3127803e-11,2.8071892e-11,1.8080724e-11,9.914793e-12,6.5043014e-12,1.7283446e-11,5.505041e-12,5.650432e-12,4.961783e-12,4.8084097e-12,4.4541064e-12,5.3686625e-12,4.7540856e-12,4.6804873e-12,4.803469e-12,5.067169e-12,4.678952e-12,4.6558417e-12,4.921049e-12,4.4541914e-12,4.377915e-12,5.1190233e-12,4.428667e-12,4.398018e-12,4.889062e-12,4.915992e-12,4.601538e-12
1.9598214e-09,2.088612e-09,2.1002489e-09,1.9107962e-09,2.0876678e-09,2.0274589e-09,2.1264288e-09,1.9892077e-09,2.0312094e-09,1.9486244e-09,2.26555e-09,1.981411e-09,2.063287e-09,2.118846e-09,1.9791635e-09,2.0356192e-09,1.9549569e-09,1.9514885e-09,1.965579e-09,2.068433e-09,2.1521884e-09,3.4929715e-10,6.801066e-10,3.2476266e-10,3.069178e-10,4.3251977e-10,4.6669235e-10,3.5771489e-10,3.0914923e-10,2.230561e-10,1.9769328e-10,3.6429182e-10,2.77302e-10,1.3524161e-10,3.017713e-10,2.2351392e-10,9.8974884e-11,1.5928851e-10,1.8730831e-10,1.5439479e-10,2.013227e-10,8.017722e-11,1.2061398e-10,1.9922101e-10,1.4773932e-10,1.292248e-10,1.6641284e-10,1.9327541e-07,2.3016391e-06,3.060782e-07,2.2375646e-06,2.6422872e-06,6.527884e-06,1.1442271e-05,5.789157e-06,1.7846778e-05,1.5145505e-06,1.2128722e-05,2.043614e-05,1.4611376e-05,3.725098e-05,1.1195102e-05,3.9254737e-05,5.1816747e-05,7.4658536e-05,5.1638268e-05,7.3252677e-06,8.5856496e-05,1.8254243e-05,7.138208e-05,0.00010500845,5.8852296e-05,4.8431266e-05,2.6954232e-05,6.275438e-05,1.5669111e-05,5.608855e-06,2.1005895e-05,3.9574143e-06,5.0854833e-06,6.860513e-07,1.0624109e-06,2.41124e-07,1.3617571e-07,3.4391326e-10,4.2111184e-10,2.8585956e-10,2.7276914e-10,2.4905975e-10,2.6277572e-10,6.2012345e-10,3.2083525e-10,1.520568e-10,4.2639936e-10,3.777062e-10,4.6803306e-10,3.2442712e-10,4.242018e-10,2.1739005e-10,4.579783e-10,2.1604292e-10,3.262509e-10,2.831075e-10,3.5408051e-10,2.3074496e-10,3.86633e-10,7.0277234e-10,1.0101485e-09,1.3837598e-09,2.0403073e-09,2.0179605e-09,1.9808328e-09,1.9809387e-09,2.0301212e-09,2.1146027e-09,2.0187496e-09,2.2067546e-09,1.9656954e-09,1.999833e-09,2.1220614e-09,2.0517101e-09,2.086068e-09,1.9205335e-09,2.0641606e-09,2.0466095e-09,2.1136872e-09,2.017614e-09,2.1112898e-09
8.296461e-11,8.4673574e-11,8.5782215e-11,8.2064064e-11,8.071754e-11,8.0770515e-11,7.856579e-11,7.792495e-11,8.932333e-11,8.619092e-11,8.2886156e-11,8.811883e-11,8.522512e-11,8.0467896e-11,7.8294725e-11,8.109314e-11,8.814236e-11,7.85562e-11,7.9953544e-11,8.843909e-11,8.244342e-11,9.9809445e-11,6.9207494e-11,5.5718076e-11,1.2899216e-10,1.1421535e-10,1.2622006e-10,1.579788e-10,8.992231e-11,1.11157056e-10,6.008632e-11,6.1101964e-11,9.2640604e-11,1.335384e-10,1.2194809e-10,3.485312e-11,1.4306863e-10,1.2278363e-10,5.2189964e-11,9.7831174e-11,1.0494432e-10,1.00447706e-10,4.7317632e-11,4.3131047e-11,5.2109393e-11,1.0743341e-10,6.139519e-11,1.11171644e-07,4.9777085e-05,1.1066448e-06,2.4645935e-05,8.957077e-06,8.178204e-05,0.00016964672,4.989005e-05,0.00030791544,7.967988e-06,0.0005909783,0.00028035216,0.0001416706,0.0034398474,8.5093e-05,0.0054178494,0.003061701,0.020257134,0.057436936,0.0049501644,0.055919126,0.008029762,0.49759626,0.053172573,0.035326373,0.06603917,0.016944032,0.02960862,0.003368401,0.0037325858,0.0036640966,0.00022740601,0.00011166857,1.4621993e-05,5.23792e-05,1.1187844e-06,1.2044251e-07,1.00420505e-10,1.0751213e-10,4.7512615e-11,1.3704195e-10,1.2040145e-10,1.9125283e-10,1.7502075e-10,6.100019e-11,4.5699233e-11,2.792996e-10,8.067567e-11,8.458125e-11,1.4439054e-10,1.1908773e-10,5.597671e-11,1.2055633e-10,8.421327e-11,1.4272468e-10,1.7532613e-10,1.124609e-10,1.5658863e-10,2.035138e-10,1.6634091e-10,1.0839876e-10,1.4568242e-10,9.052842e-11,8.069937e-11,7.9338605e-11,8.659761e-11,8.567692e-11,8.8177e-11,9.2785606e-11,8.6971375e-11,7.955227e-11,8.651044e-11,7.9116165e-11,7.915844e-11,8.6803655e-11,8.764514e-11,8.227784e-11,7.9089915e-11,8.778366e-11,8.280715e-11,8.341014e-11
5.036699e-12,5.048895e-12,4.709248e-12,4.3788822e-12,4.721732e-12,4.244741e-12,4.5637855e-12,4.0906853e-12,4.8224883e-12,4.7373203e-12,4.661829e-12,4.9538477e-12,4.7691417e-12,4.6803963e-12,4.6860597e-12,4.56875e-12,4.8940426e-12,4.5496363e-12,4.549723e-12,5.170519e-12,4.9976555e-12,8.468769e-12,1.0556775e-11,1.3393413e-11,1.1717468e-11,1.4044692e-11,1.9734167e-11,2.692807e-11,8.251694e-12,1.5168101e-11,1.0301887e-11,1.3503815e-11,9.972674e-12,2.2430087e-11,2.0732891e-11,1.3691377e-11,1.8378065e-11,1.6878304e-11,1.3555995e-11,2.6131859e-11,2.973352e-11,1.798414e-11,1.9516314e-11,8.993181e-12,1.0692671e-11,1.9339927e-11,1.8637876e-11,3.023154e-08,3.986216e-06,2.7821864e-07,7.667602e-06,3.4613695e-06,1.1584172e-05,1.8125975e-05,2.167015e-05,9.613279e-05,1.971097e-06,0.0001140469,0.0005065953,0.00013003938,0.002690255,0.00013664123,0.017488165,0.010123659,0.028878585,0.06286994,0.013314985,0.3476099,0.010322901,0.2739933,0.106312335,0.021682458,0.03435041,0.0069461437,0.017689226,0.0015502119,0.00073362887,0.0005311664,4.5416324e-05,3.5145153e-05,3.1513364e-06,1.1838097e-06,2.8551096e-07,7.787673e-08,2.6004374e-11,2.6287328e-11,1.6641941e-11,4.3291072e-11,2.4088495e-11,2.4403141e-11,5.9553903e-11,1.7919359e-11,1.0752553e-11,5.0588842e-11,2.3726167e-11,2.0767558e-11,2.4670838e-11,2.4823203e-11,2.4379323e-11,3.132278e-11,1.9145333e-11,2.7878833e-11,3.8228146e-11,2.7627923e-11,1.6987273e-11,1.6728058e-11,2.6959211e-11,9.0068794e-12,8.42138e-12,4.8773993e-12,4.555489e-12,4.395132e-12,5.054908e-12,4.8727498e-12,4.6438847e-12,4.904583e-12,4.877492e-12,4.4123173e-12,4.5853894e-12,4.617494e-12,4.480656e-12,4.379467e-12,5.155335e-12,4.438568e-12,4.3013514e-12,4.7439028e-12,4.6785757e-12,4.5301185e-12
1.9598214e-09,2.088612e-09,2.1002489e-09,1.9107962e-09,2.0876678e-09,2.0274589e-09,2.1264288e-09,1.9892077e-09,2.0312094e-09,1.9486244e-09,2.26555e-09,1.981411e-09,2.063287e-09,2.118846e-09,1.9791635e-09,2.0356192e-09,1.9549569e-09,1.9514885e-09,1.965579e-09,2.068433e-09,2.1521884e-09,3.4929715e-10,6.801066e-10,3.2476266e-10,3.069178e-10,4.3251977e-10,4.6669235e-10,3.5771489e-10,3.0914923e-10,2.230561e-10,1.9769328e-10,3.6429182e-10,2.77302e-10,1.3524161e-10,3.017713e-10,2.2351392e-10,9.8974884e-11,1.5928851e-10,1.8730831e-10,1.5439479e-10,2.013227e-10,8.017722e-11,1.2061398e-10,1.9922101e-10,1.4773932e-10,1.292248e-10,1.6641284e-10,1.9327541e-07,2.3016391e-06,3.060782e-07,2.2375646e-06,2.6422872e-06,6.527884e-06,1.1442271e-05,5.789157e-06,1.7846778e-05,1.5145505e-06,1.2128722e-05,2.043614e-05,1.4611376e-05,3.725098e-05,1.1195102e-05,3.9254737e-05,5.1816747e-05,7.4658536e-05,5.1638268e-05,7.3252677e-06,8.5856496e-05,1.8254243e-05,7.138208e-05,0.00010500845,5.8852296e-05,4.8431266e-05,2.6954232e-05,6.275438e-05,1.5669111e-05,5.608855e-06,2.1005895e-05,3.9574143e-06,5.0854833e-06,6.860513e-07,1.0624109e-06,2.41124e-07,1.3617571e-07,3.4391326e-10,4.2111184e-10,2.8585956e-10,2.7276914e-10,2.4905975e-10,2.6277572e-10,6.2012345e-10,3.2083525e-10,1.520568e-10,4.2639936e-10,3.777062e-10,4.6803306e-10,3.2442712e-10,4.242018e-10,2.1739005e-10,4.579783e-10,2.1604292e-10,3.262509e-10,2.831075e-10,3.5408051e-10,2.3074496e-10,3.86633e-10,7.0277234e-10,1.0101485e-09,1.3837598e-09,2.0403073e-09,2.0179605e-09,1.9808328e-09,1.9809387e-09,2.0301212e-09,2.1146027e-09,2.0187496e-09,2.2067546e-09,1.9656954e-09,1.999833e-09,2.1220614e-09,2.0517101e-09,2.086068e-09,1.9205335e-09,2.0641606e-09,2.0466095e-09,2.1136872e-09,2.017614e-09,2.1112898e-09
3.3514566e-11,3.297169e-11,3.3099603e-11,3.6919218e-11,3.6039782e-11,3.338779e-11,3.2221545e-11,3.1417674e-11,3.50563e-11,3.436409e-11,3.7587263e-11,3.598895e-11,3.5322224e-11,3.3987584e-11,3.3836746e-11,3.4096212e-11,3.6546283e-11,3.4063516e-11,3.351239e-11,3.934966e-11,3.4068717e-11,2.5346916e-10,2.7540278e-10,1.3752231e-10,1.4677003e-10,2.8712177e-10,3.6280368e-10,3.085365e-10,1.03372415e-10,4.8662524e-10,3.911785e-10,2.6822278e-10,3.516018e-10,3.2608843e-10,4.684116e-10,2.958131e-10,4.4293708e-10,5.2217924e-10,5.1361515e-10,4.923652e-10,6.69404e-10,5.5426147e-10,3.7956216e-10,2.5741112e-10,3.4368433e-10,5.50285e-10,5.080401e-10,9.102189e-07,0.00087206735,2.896823e-05,0.001911969,4.966874e-05,0.0021336118,0.013337589,0.021863952,0.0646994,0.0007509063,0.19497807,0.025668373,0.029228527,0.17229308,0.00428935,0.10323298,0.011008279,0.07009837,0.19276887,0.007836668,0.0137062,0.0004154461,0.008468399,0.0032777463,0.0012310982,0.0017836959,0.00034555478,0.0007330347,8.817493e-05,0.00011226923,0.00019836068,5.1462743e-05,3.743398e-05,6.357853e-06,2.5407266e-05,4.880959e-06,1.0416759e-06,6.932108e-10,4.9094356e-10,1.7607062e-10,5.913681e-10,6.2971106e-10,1.035469e-09,6.49994e-10,2.4015653e-10,1.602698e-10,3.9935363e-10,1.9490133e-10,2.877221e-10,2.194731e-10,2.8941952e-10,2.39422e-10,3.240943e-10,3.8067213e-10,6.1558153e-10,7.837912e-10,1.9097164e-10,3.253119e-10,2.9733646e-10,2.3606825e-10,1.6870072e-10,6.606541e-11,3.6700098e-11,3.6061373e-11,3.0848223e-11,3.449951e-11,3.5991765e-11,3.5437684e-11,3.6460855e-11,3.6060342e-11,3.2226524e-11,3.3661143e-11,3.5620926e-11,3.3394988e-11,3.4939752e-11,3.451175e-11,3.453282e-11,3.013144e-11,3.7931373e-11,3.3761837e-11,3.343788e-11
2.5546728e-11,2.5847617e-11,2.5495762e-11,2.6464362e-11,2.6567332e-11,2.3711734e-11,2.57252e-11,2.5275696e-11,2.6875679e-11,2.721059e-11,2.8023577e-11,2.6945281e-11,2.5440336e-11,2.6093207e-11,2.7476937e-11,2.513877e-11,2.7393213e-11,2.5652192e-11,2.554473e-11,2.966079e-11,2.6874912e-11,1.3108939e-10,2.3449626e-10,2.8443892e-10,8.566083e-11,1.9006935e-10,3.3070469e-10,1.5277687e-10,1.3893946e-10,1.2849923e-10,1.9975445e-10,2.2084332e-10,1.2114679e-10,2.4933255e-10,2.8453986e-10,4.0683115e-10,2.4569324e-10,4.502755e-10,5.528837e-10,3.3167688e-10,4.2976328e-10,4.2575565e-10,3.6698092e-10,3.139505e-10,2.8625785e-10,2.5922625e-10,4.0499473e-10,1.3027267e-07,5.731765e-06,1.7081619e-06,0.00019544554,3.9514853e-06,4.62375e-05,1.8287958e-05,0.0002800612,0.00028204857,7.0035103e-06,0.0017419282,0.0009325488,0.0021352565,0.0033365935,0.0021566015,0.08301519,0.0018493317,0.03161707,0.05464774,0.04785283,0.20794897,0.0028862732,0.32508764,0.107863165,0.08114118,0.016521588,0.0051149605,0.021541167,0.00023769245,0.0006133043,0.0003529469,0.00011636357,6.0139777e-05,2.1020433e-06,7.4333675e-06,1.105739e-06,2.0271435e-07,1.8786286e-10,3.1299505e-10,1.8587723e-10,1.798024e-10,2.3016385e-10,2.3982102e-10,3.6222497e-10,1.4643421e-10,7.223334e-11,2.8088606e-10,1.5824286e-10,3.3204844e-10,1.2218455e-10,1.9112069e-10,2.8331595e-10,1.6644075e-10,1.4521956e-10,2.7641112e-10,4.0143391e-10,2.789395e-10,2.041902e-10,2.4559157e-10,2.929289e-10,1.4481269e-10,5.849377e-11,2.7759815e-11,2.6262522e-11,2.368579e-11,2.7608166e-11,2.6685664e-11,2.7127675e-11,2.6372352e-11,2.7092256e-11,2.4656726e-11,2.5767923e-11,2.7312765e-11,2.612508e-11,2.5419819e-11,2.6681848e-11,2.605904e-11,2.4682935e-11,2.5830319e-11,2.5707983e-11,2.6971503e-11
1.9598214e-09,2.088612e-09,2.1002489e-09,1.9107962e-09,2.0876678e-09,2.0274589e-09,2.1264288e-09,1.9892077e-09,2.0312094e-09,1.9486244e-09,2.26555e-09,1.981411e-09,2.063287e-09,2.118846e-09,1.9791635e-09,2.0356192e-09,1.9549569e-09,1.9514885e-09,1.965579e-09,2.068433e-09,2.1521884e-09,3.4929715e-10,6.801066e-10,3.2476266e-10,3.069178e-10,4.3251977e-10,4.6669235e-10,3.5771489e-10,3.0914923e-10,2.230561e-10,1.9769328e-10,3.6429182e-10,2.77302e-10,1.3524161e-10,3.017713e-10,2.2351392e-10,9.8974884e-11,1.5928851e-10,1.8730831e-10,1.5439479e-10,2.013227e-10,8.017722e-11,1.2061398e-10,1.9922101e-10,1.4773932e-10,1.292248e-10,1.6641284e-10,1.9327541e-07,2.3016391e-06,3.060782e-07,2.2375646e-06,2.6422872e-06,6.527884e-06,1.1442271e-05,5.789157e-06,1.7846778e-05,1.5145505e-06,1.2128722e-05,2.043614e-05,1.4611376e-05,3.725098e-05,1.1195102e-05,3.9254737e-05,5.1816747e-05,7.4658536e-05,5.1638268e-05,7.3252677e-06,8.5856496e-05,1.8254243e-05,7.138208e-05,0.00010500845,5.8852296e-05,4.8431266e-05,2.6954232e-05,6.275438e-05,1.5669111e-05,5.608855e-06,2.1005895e-05,3.9574143e-06,5.0854833e-06,6.860513e-07,1.0624109e-06,2.41124e-07,1.3617571e-07,3.4391326e-10,4.2111184e-10,2.8585956e-10,2.7276914e-10,2.4905975e-10,2.6277572e-10,6.2012345e-10,3.2083525e-10,1.520568e-10,4.2639936e-10,3.777062e-10,4.6803306e-10,3.2442712e-10,4.242018e-10,2.1739005e-10,4.579783e-10,2.1604292e-10,3.262509e-10,2.831075e-10,3.5408051e-10,2.3074496e-10,3.86633e-10,7.0277234e-10,1.0101485e-09,1.3837598e-09,2.0403073e-09,2.0179605e-09,1.9808328e-09,1.9809387e-09,2.0301212e-09,2.1146027e-09,2.0187496e-09,2.2067546e-09,1.9656954e-09,1.999833e-09,2.1220614e-09,2.0517101e-09,2.086068e-09,1.9205335e-09,2.0641606e-09,2.0466095e-09,2.1136872e-09,2.017614e-09,2.1112898e-09
3.039004e-11,3.0345323e-11,3.1021956e-11,2.7495253e-11,3.1499303e-11,2.7686598e-11,3.006304e-11,2.6219048e-11,2.8815549e-11,2.8538838e-11,3.1855657e-11,3.2223047e-11,3.0549046e-11,3.0771028e-11,2.8683014e-11,3.1287455e-11,2.993287e-11,2.8769528e-11,2.8490814e-11,3.181655e-11,3.2622224e-11,2.4319985e-11,8.486351e-12,1.687883e-11,8.800155e-12,2.1771371e-11,1.3736848e-11,2.0745326e-11,9.8393646e-12,1.450629e-11,1.0218664e-11,1.4013661e-11,1.4001719e-11,1.1008642e-11,1.45260045e-11,1.2588269e-11,6.7167014e-12,8.200582e-12,5.197764e-12,1.1170449e-11,1.5448759e-11,7.851287e-12,1.4266363e-11,1.159166e-11,6.929992e-12,6.7207004e-12,1.0963423e-11,2.734144e-08,1.9024542e-06,2.0870623e-07,1.241424e-06,8.321156e-06,2.21174e-06,1.2514095e-05,3.932008e-06,2.376584e-05,1.3998657e-06,6.8547843e-06,0.000119618504,3.4766495e-06,4.803708e-05,5.4943075e-06,0.00016678874,0.0014767972,9.982822e-05,0.0008640982,2.6699663e-05,0.0045441943,0.0004711135,0.0030485836,0.015227715,0.0010873689,0.0058387574,0.0013203062,0.018743409,0.0038921558,0.0001190522,0.0015545367,5.3367377e-05,0.00021888157,4.974147e-06,1.8719022e-06,1.2631544e-06,4.094678e-08,1.8305102e-11,1.9895105e-11,1.5592928e-11,1.7804185e-11,1.5683007e-11,2.409044e-11,5.4738235e-11,1.4768438e-11,1.4169172e-11,2.504584e-11,2.8366857e-11,2.4887887e-11,3.2736792e-11,2.2190867e-11,2.7803869e-11,2.5439966e-11,1.1916582e-11,1.199798e-11,2.1411324e-11,1.442311e-11,1.20716865e-11,1.3479558e-11,3.1971432e-11,3.2287277e-11,3.6201854e-11,3.217134e-11,3.0170224e-11,3.0282877e-11,3.1444857e-11,3.04799e-11,3.0829308e-11,3.1483746e-11,3.1213664e-11,3.020408e-11,3.0275893e-11,3.157937e-11,2.8939368e-11,2.9561693e-11,3.0617762e-11,2.9184703e-11,2.7645703e-11,3.38451e-11,3.1788225e-11,3.0266654e-11
9.521102e-13,9.490371e-13,9.395615e-13,8.857901e-13,1.001949e-12,8.383582e-13,9.258599e-13,7.6676003e-13,9.355059e-13,8.560486e-13,9.470932e-13,9.667497e-13,9.205702e-13,8.9988694e-13,9.317379e-13,9.530077e-13,8.738588e-13,9.0100665e-13,8.1373715e-13,1.0075948e-12,9.856931e-13,1.2307787e-12,6.929478e-13,1.8855468e-12,5.066814e-13,1.353743e-12,9.126365e-13,2.5342918e-12,6.894778e-13,1.2912973e-12,8.533798e-13,1.2192504e-12,8.4768737e-13,1.3650321e-12,1.3022693e-12,1.7941502e-12,9.65342e-13,8.639614e-13,7.6058994e-13,2.2179322e-12,2.6315044e-12,1.667532e-12,2.7581665e-12,9.028784e-13,9.802335e-13,9.683866e-13,1.2202787e-12,6.2818284e-09,4.6141315e-07,1.973287e-08,1.8346468e-07,4.8503503e-06,2.1803056e-07,1.9108927e-06,2.5789957e-06,1.1779637e-05,4.990084e-07,2.6336918e-06,0.0003298575,4.11075e-06,0.00012665644,4.645456e-06,0.00040594392,0.010429018,0.0003600654,0.007956521,0.00038261712,0.059273332,0.0014933422,0.0053674257,0.040072255,0.0007078404,0.0043256725,0.00017198897,0.0021783262,0.0013210346,1.8152052e-05,0.0003292633,5.786361e-06,5.813683e-05,1.7241199e-06,1.12902185e-07,2.905349e-07,2.0978426e-08,3.2930561e-12,3.4853793e-12,2.1675955e-12,4.087798e-12,4.104674e-12,3.2399435e-12,1.760416e-11,5.5513146e-12,3.774672e-12,6.4234577e-12,8.4190484e-12,4.633513e-12,6.70401e-12,3.6126469e-12,5.423494e-12,6.3166378e-12,3.3324012e-12,4.837696e-12,1.2092344e-11,4.5247625e-12,2.4714428e-12,1.9368333e-12,5.298991e-12,1.2698357e-12,1.3192999e-12,9.193489e-13,9.252773e-13,8.604356e-13,9.888302e-13,9.40076e-13,8.7357053e-13,9.534187e-13,9.092866e-13,9.177967e-13,8.8712924e-13,9.528315e-13,8.373642e-13,8.703972e-13,9.620297e-13,8.7000546e-13,8.380576e-13,9.718654e-13,9.553192e-13,8.8607745e-13
1.9598214e-09,2.088612e-09,2.1002489e-09,1.9107962e-09,2.0876678e-09,2.0274589e-09,2.1264288e-09,1.9892077e-09,2.0312094e-09,1.9486244e-09,2.26555e-09,1.981411e-09,2.063287e-09,2.118846e-09,1.9791635e-09,2.0356192e-09,1.9549569e-09,1.9514885e-09,1.965579e-09,2.068433e-09,2.1521884e-09,3.4929715e-10,6.801066e-10,3.2476266e-10,3.069178e-10,4.3251977e-10,4.6669235e-10,3.5771489e-10,3.0914923e-10,2.230561e-10,1.9769328e-10,3.6429182e-10,2.77302e-10,1.3524161e-10,3.017713e-10,2.2351392e-10,9.8974884e-11,1.5928851e-10,1.8730831e-10,1.5439479e-10,2.013227e-10,8.017722e-11,1.2061398e-10,1.9922101e-10,1.4773932e-10,1.292248e-10,1.6641284e-10,1.9327541e-07,2.3016391e-06,3.060782e-07,2.2375646e-06,2.6422872e-06,6.527884e-06,1.1442271e-05,5.789157e-06,1.7846778e-05,1.5145505e-06,1.2128722e-05,2.043614e-05,1.4611376e-05,3.725098e-05,1.1195102e-05,3.9254737e-05,5.1816747e-05,7.4658536e-05,5.1638268e-05,7.3252677e-06,8.5856496e-05,1.8254243e-05,7.138208e-05,0.00010500845,5.8852296e-05,4.8431266e-05,2.6954232e-05,6.275438e-05,1.5669111e-05,5.608855e-06,2.1005895e-05,3.9574143e-06,5.0854833e-06,6.860513e-07,1.0624109e-06,2.41124e-07,1.3617571e-07,3.4391326e-10,4.2111184e-10,2.8585956e-10,2.7276914e-10,2.4905975e-10,2.6277572e-10,6.2012345e-10,3.2083525e-10,1.520568e-10,4.2639936e-10,3.777062e-10,4.6803306e-10,3.2442712e-10,4.242018e-10,2.1739005e-10,4.579783e-10,2.1604292e-10,3.262509e-10,2.831075e-10,3.5408051e-10,2.3074496e-10,3.86633e-10,7.0277234e-10,1.0101485e-09,1.3837598e-09,2.0403073e-09,2.0179605e-09,1.9808328e-09,1.9809387e-09,2.0301212e-09,2.1146027e-09,2.0187496e-09,2.2067546e-09,1.9656954e-09,1.999833e-09,2.1220614e-09,2.0517101e-09,2.086068e-09,1.9205335e-09,2.0641606e-09,2.0466095e-09,2.1136872e-09,2.017614e-09,2.1112898e-09
6.7354594e-10,6.655973e-10,7.034629e-10,6.6714156e-10,6.8639566e-10,6.691258e-10,6.89395e-10,6.2497874e-10,6.509531e-10,6.4545386e-10,7.1296435e-10,6.751769e-10,7.009864e-10,6.697489e-10,6.3828215e-10,6.5823197e-10,6.6500855e-10,6.609494e-10,6.54686e-10,7.2503914e-10,7.2243017e-10,5.2263865e-10,9.128716e-10,6.862805e-10,6.7739553e-10,8.6020585e-10,5.4732896e-10,1.1104768e-09,3.397425e-10,6.633389e-10,5.7360133e-10,6.23808e-10,1.0205169e-09,6.680317e-10,1.0478648e-09,3.7337197e-10,3.2566766e-10,6.650961e-10,4.643588e-10,6.4319866e-10,5.520838e-10,4.0017026e-10,6.570128e-10,4.6304013e-10,6.2040495e-10,7.411493e-10,7.215103e-10,1.7616571e-06,0.00016998516,1.0425004e-05,0.00011488933,0.00014331054,0.00055212714,0.0013797078,0.0008426025,0.0037422066,0.00017860833,0.0025422007,0.0040345797,0.0013840066,0.009960781,0.00046087577,0.0049017714,0.010020501,0.009825319,0.011644852,0.00044259263,0.0071323416,0.0014317031,0.006937901,0.009660012,0.0034511632,0.0034914645,0.0011994084,0.0029236437,0.0010952164,0.00032220525,0.0007272144,8.735936e-05,0.000114875525,2.0609428e-05,1.567129e-05,1.0016988e-05,2.433302e-06,1.5538809e-09,1.285135e-09,8.9626406e-10,1.1491041e-09,8.527616e-10,1.1838993e-09,1.5052001e-09,6.4559913e-10,6.78223e-10,1.337247e-09,1.4156858e-09,9.968005e-10,1.020182e-09,1.1914268e-09,6.3790484e-10,8.631165e-10,8.4384966e-10,7.778445e-10,7.637314e-10,6.734034e-10,4.2905723e-10,3.7682468e-10,6.8899275e-10,9.552408e-10,8.4908547e-10,6.531544e-10,6.7259337e-10,6.123285e-10,6.597453e-10,6.665654e-10,7.1416617e-10,7.242541e-10,7.5098505e-10,6.2662714e-10,6.7282946e-10,6.9479145e-10,6.7388517e-10,6.6341227e-10,6.6015315e-10,6.825652e-10,6.6369327e-10,7.3615497e-10,6.778609e-10,6.847245e-10
4.392316e-12,4.277429e-12,4.2971364e-12,3.9339886e-12,4.5820843e-12,3.8788083e-12,4.294875e-12,3.4618274e-12,4.1415586e-12,3.9662804e-12,4.1060697e-12,4.06229e-12,4.21407e-12,4.1897384e-12,4.047132e-12,4.3102865e-12,4.0249e-12,3.8880973e-12,3.811411e-12,4.453391e-12,4.2841737e-12,4.4243003e-12,3.775653e-12,8.146354e-12,4.7433234e-12,9.055387e-12,4.8416956e-12,1.4668544e-11,2.8514153e-12,6.5892973e-12,5.5231284e-12,6.688316e-12,6.3798936e-12,7.1336765e-12,4.812087e-12,1.0173713e-11,6.856779e-12,5.6703704e-12,4.255831e-12,1.3284925e-11,1.3531919e-11,6.5945274e-12,1.1179095e-11,3.9037168e-12,6.4919172e-12,5.0147855e-12,5.137175e-12,4.8870657e-08,4.2687375e-06,1.3676723e-07,1.1245547e-06,7.0382e-06,2.8474674e-06,9.813243e-06,1.1479618e-05,3.529543e-05,2.064256e-06,1.3029652e-05,0.00029906473,7.7108845e-05,0.00079510163,4.2334726e-05,0.0015747466,0.009765868,0.004064349,0.009305557,0.0009953853,0.049512777,0.0024941666,0.009237439,0.013452923,0.0033559145,0.005082213,0.00045057927,0.001618114,0.0005928732,0.000119664976,0.00021855769,2.0532074e-05,3.7594837e-05,2.5253426e-06,3.3269333e-07,3.4596218e-07,1.1257441e-07,1.2751061e-11,1.0731326e-11,5.0932713e-12,1.1203001e-11,1.1995065e-11,6.37914e-12,2.9459733e-11,8.999667e-12,8.131421e-12,1.9850968e-11,1.8023425e-11,1.4766344e-11,1.99677e-11,9.148926e-12,1.02779426e-11,1.5486215e-11,1.3790444e-11,1.2614626e-11,1.9348264e-11,1.191362e-11,4.633374e-12,3.70312e-12,1.0995371e-11,4.230354e-12,4.7548636e-12,4.115023e-12,3.9210293e-12,3.894985e-12,4.6810034e-12,4.15799e-12,4.0339073e-12,4.3389584e-12,4.410466e-12,3.7936273e-12,3.9499285e-12,4.2017743e-12,3.9189654e-12,3.7317367e-12,4.4601237e-12,3.8772405e-12,3.772371e-12,4.3841805e-12,4.1910494e-12,4.0437987e-12
1.9598214e-09,2.088612e-09,2.1002489e-09,1.9107962e-09,2.0876678e-09,2.0274589e-09,2.1264288e-09,1.9892077e-09,2.0312094e-09,1.9486244e-09,2.26555e-09,1.981411e-09,2.063287e-09,2.118846e-09,1.9791635e-09,2.0356192e-09,1.9549569e-09,1.9514885e-09,1.965579e-09,2.068433e-09,2.1521884e-09,3.4929715e-10,6.801066e-10,3.2476266e-10,3.069178e-10,4.3251977e-10,4.6669235e-10,3.5771489e-10,3.0914923e-10,2.230561e-10,1.9769328e-10,3.6429182e-10,2.77302e-10,1.3524161e-10,3.017713e-10,2.2351392e-10,9.8974884e-11,1.5928851e-10,1.8730831e-10,1.5439479e-10,2.013227e-10,8.017722e-11,1.2061398e-10,1.9922101e-10,1.4773932e-10,1.292248e-10,1.6641284e-10,1.9327541e-07,2.3016391e-06,3.060782e-07,2.2375646e-06,2.6422872e-06,6.527884e-06,1.1442271e-05,5.789157e-06,1.7846778e-05,1.5145505e-06,1.2128722e-05,2.043614e-05,1.4611376e-05,3.725098e-05,1.1195102e-05,3.9254737e-05,5.1816747e-05,7.4658536e-05,5.1638268e-05,7.3252677e-06,8.5856496e-05,1.8254243e-05,7.138208e-05,0.00010500845,5.8852296e-05,4.8431266e-05,2.6954232e-05,6.275438e-05,1.5669111e-05,5.608855e-06,2.1005895e-05,3.9574143e-06,5.0854833e-06,6.860513e-07,1.0624109e-06,2.41124e-07,1.3617571e-07,3.4391326e-10,4.2111184e-10,2.8585956e-10,2.7276914e-10,2.4905975e-10,2.6277572e-10,6.2012345e-10,3.2083525e-10,1.520568e-10,4.2639936e-10,3.777062e-10,4.6803306e-10,3.2442712e-10,4.242018e-10,2.1739005e-10,4.579783e-10,2.1604292e-10,3.262509e-10,2.831075e-10,3.5408051e-10,2.3074496e-10,3.86633e-10,7.0277234e-10,1.0101485e-09,1.3837598e-09,2.0403073e-09,2.0179605e-09,1.9808328e-09,1.9809387e-09,2.0301212e-09,2.1146027e-09,2.0187496e-09,2.2067546e-09,1.9656954e-09,1.999833e-09,2.1220614e-09,2.0517101e-09,2.086068e-09,1.9205335e-09,2.0641606e-09,2.0466095e-09,2.1136872e-09,2.017614e-09,2.1112898e-09
3.3970948e-11,3.5930325e-11,3.4607414e-11,3.0485645e-11,3.4778666e-11,3.2690482e-11,3.3980537e-11,2.976945e-11,3.2955173e-11,3.273316e-11,3.6594987e-11,3.5674658e-11,3.518755e-11,3.6084028e-11,3.2484748e-11,3.490413e-11,3.257832e-11,3.372227e-11,3.2875817e-11,3.8381368e-11,3.7342678e-11,3.1448927e-11,1.9463348e-11,1.7698409e-11,2.858764e-11,3.2579064e-11,2.1680902e-11,4.6346066e-11,1.4318345e-11,2.8161829e-11,1.859077e-11,3.9020898e-11,3.8287193e-11,2.5368341e-11,3.547571e-11,1.540259e-11,1.707033e-11,1.3511213e-11,9.436739e-12,2.0041387e-11,1.8603681e-11,1.257401e-11,1.7948337e-11,1.345243e-11,1.1059591e-11,1.7012277e-11,1.2342854e-11,5.7435862e-08,1.1761596e-05,4.584021e-07,3.137594e-06,2.972541e-06,1.8478479e-05,1.614686e-05,1.1967443e-05,3.9222152e-05,1.047592e-06,2.4130284e-05,2.3336208e-05,1.8003233e-05,7.038052e-05,8.263865e-06,0.0001240748,0.00021248455,0.0007249255,0.00031053252,4.0338273e-05,0.0005776959,8.6980974e-05,0.0014101822,0.00070916896,0.00085342187,0.0013117781,0.0006561419,0.0021509314,0.00026396057,0.00043227852,0.00027365563,9.008169e-05,4.7403122e-05,2.7362378e-06,4.947269e-06,4.7619523e-07,9.015237e-08,4.0951312e-11,3.4616657e-11,1.4613342e-11,3.4539756e-11,3.3192366e-11,3.257869e-11,5.285119e-11,2.5025395e-11,1.7433594e-11,4.6350663e-11,4.2878475e-11,2.9575106e-11,3.177463e-11,4.6702434e-11,2.5648388e-11,5.0945876e-11,3.859087e-11,3.1013365e-11,3.5629097e-11,1.8971111e-11,1.3030586e-11,1.2886295e-11,3.0188234e-11,3.7392707e-11,4.4325738e-11,3.4518284e-11,3.4053205e-11,3.2617613e-11,3.5373142e-11,3.5257824e-11,3.479512e-11,3.6953544e-11,3.7039777e-11,3.2743152e-11,3.496797e-11,3.5476656e-11,3.393248e-11,3.372124e-11,3.547828e-11,3.2720552e-11,3.055317e-11,3.9561975e-11,3.4531586e-11,3.3192997e-11
3.0150226e-11,3.0246645e-11,2.9590084e-11,2.7098337e-11,2.9553537e-11,2.6775993e-11,2.7781834e-11,2.454864e-11,2.9399372e-11,3.029919e-11,2.9272026e-11,2.9422374e-11,2.9958307e-11,2.9788623e-11,2.977147e-11,2.8681663e-11,3.031711e-11,2.7584254e-11,2.6293481e-11,3.3040737e-11,2.9833084e-11,2.2289974e-11,3.380377e-11,2.5577818e-11,2.6511838e-11,3.439378e-11,4.0744495e-11,7.0753674e-11,1.843236e-11,3.3130602e-11,2.5147289e-11,4.3640987e-11,2.6299e-11,3.2914938e-11,2.884581e-11,2.1667983e-11,2.5332536e-11,2.92323e-11,2.1978499e-11,4.776652e-11,5.4561692e-11,3.4645026e-11,3.514888e-11,1.9173716e-11,2.7245732e-11,2.1869357e-11,2.6439118e-11,6.7723505e-08,5.486844e-06,5.231403e-07,9.41416e-06,9.978426e-06,2.7535372e-05,1.5250408e-05,8.0858204e-05,0.00027672778,5.4322477e-06,0.00011485355,0.00071482686,0.00032752389,0.0020633123,0.00020406299,0.010861347,0.016371245,0.03456021,0.025490556,0.016997525,0.44906798,0.018586807,0.13773958,0.11713622,0.055240665,0.0448715,0.012184607,0.026867926,0.0041839276,0.001427254,0.0009330526,0.00018943175,0.00015601263,5.949027e-06,5.574238e-06,6.989824e-07,3.1169395e-07,5.548564e-11,4.5731696e-11,2.7486777e-11,9.296316e-11,3.738326e-11,2.3236779e-11,1.0580177e-10,2.538642e-11,2.0832492e-11,6.229643e-11,4.144569e-11,4.510624e-11,3.7031975e-11,3.2055348e-11,3.0275966e-11,3.9406048e-11,3.2174673e-11,3.53402e-11,6.0166636e-11,3.902235e-11,3.3998138e-11,2.2389852e-11,5.722293e-11,4.1312308e-11,3.699117e-11,2.8423416e-11,2.7829992e-11,2.6857523e-11,3.0344647e-11,2.9264435e-11,2.8169215e-11,2.9855514e-11,2.9391524e-11,2.778035e-11,2.883844e-11,2.9003818e-11,2.7386093e-11,2.7025148e-11,3.1606568e-11,2.6567418e-11,2.6946601e-11,2.917927e-11,3.0476663e-11,2.74589e-11
