filename,note_index,actual_pitch,mt_probability,idyom_probability,idyom_ic,transformer_ic,chorale,note,human_average
chorale151.mid,0,71,5.581687e-05,0.0270270226363886,5.209453600000003,14.128939248672845,151,1,2.930937
chorale151.mid,1,71,3.6011653e-07,0.1091024194299855,3.1962450000000007,21.405032840851934,151,2,2.206861
chorale151.mid,2,71,0.0003283746,0.2236724385273039,2.1605406,11.572369841566614,151,3,2.336502
chorale151.mid,3,74,0.0004151313,0.0560785555630241,4.1564070000000015,11.234144667428716,151,4,3.150458
chorale151.mid,4,72,0.2442572,0.1220242085886602,3.0347607000000005,2.0335270055649506,151,5,2.130448
chorale151.mid,5,72,0.007656693,0.1655761174588197,2.5944335,7.0290628719728065,151,6,3.068759
chorale151.mid,6,71,0.038429815,0.4284489139051011,1.2228049,4.70163015844882,151,7,1.006953
chorale151.mid,7,71,0.0036159907,0.384245960940129,1.379898,8.111393317384964,151,8,2.016448
chorale151.mid,8,71,0.0022262414,0.4724321330975874,1.0818210000000001,8.81117424647447,151,9,2.183184
chorale151.mid,9,69,0.00483455,0.3002731329274815,1.7356527000000004,7.692402674790753,151,10,3.788874
chorale151.mid,10,71,0.0062805056,0.4467512280096529,1.1624564,7.314903579486054,151,11,2.490702
chorale151.mid,11,72,8.893419e-05,0.411904102384141,1.2796196000000002,13.456902316790096,151,12,2.069026
chorale151.mid,12,71,0.0034703305,0.4161277775087794,1.2649015,8.170711218975107,151,13,1.92785
chorale151.mid,13,69,0.0014191876,0.6969772639921178,0.5208164999999999,9.460718975249156,151,14,0.82952
chorale151.mid,14,67,0.008222187,0.4753547559935156,1.0729235,6.926262100682308,151,15,0.997265
chorale151.mid,15,71,0.0015240925,0.3993642229981368,1.3242230000000001,9.357833819336392,151,16,1.584062
chorale151.mid,16,71,0.00049856806,0.4459790976626061,1.164952,10.969921917810261,151,17,1.030098
chorale151.mid,17,69,0.002301537,0.3899429031698337,1.3586652,8.763186648840483,151,18,3.368064
chorale151.mid,18,69,0.0029099826,0.3153742772362691,1.6648631000000003,8.424773757978274,151,19,4.425758
chorale151.mid,19,67,0.003548807,0.2746059898952231,1.864565,8.138450168339917,151,20,2.08482
chorale151.mid,20,67,0.037665486,0.3990161651625651,1.3254809,4.730613045144372,151,21,2.402715
chorale151.mid,21,66,0.0054784883,0.1454356137898171,2.7815475000000007,7.51200642486327,151,22,2.732602
chorale151.mid,22,76,0.000988194,0.1444019170113659,2.7918382,9.98291808332335,151,23,5.696996
chorale151.mid,23,74,0.28253487,0.5713639428946163,0.8075181,1.823499161265529,151,24,1.604776
chorale151.mid,24,72,0.60610443,0.5000988872227006,0.9997147,0.7223617076855338,151,25,1.365675
chorale151.mid,25,71,0.2878408,0.6768579983642613,0.5630749,1.7966569934770582,151,26,0.731076
chorale151.mid,26,69,0.03048006,0.4861432853474095,1.0405465,5.035990446995417,151,27,1.400381
chorale151.mid,27,69,0.07222694,0.2980259993738705,1.7464899,3.791319139987381,151,28,0.649704
chorale151.mid,28,67,0.034654513,0.472359179528722,1.0820438,4.850812945384808,151,29,0.362676
chorale61.mid,0,67,8.234437e-05,0.0270270226363886,5.209453600000003,13.567970460195477,61,1,4.372806
chorale61.mid,1,65,0.003633363,0.0642673947366551,3.9597692000000015,8.104478775738226,61,2,4.600583
chorale61.mid,2,63,0.00022653175,0.2086785327757744,2.2606459,12.107999111364412,61,3,1.949929
chorale61.mid,3,65,0.009993784,0.1891657099108283,2.4022775000000003,6.644753247846683,61,4,2.467827
chorale61.mid,4,67,0.0016877652,0.5045549836333771,0.9869166000000001,9.210670072771851,61,5,1.140613
chorale61.mid,5,68,0.0010898411,0.2804863561780174,1.8339975,9.841666480809621,61,6,1.101392
chorale61.mid,6,70,0.03425072,0.3896553959389355,1.3597293000000001,4.867721873832613,61,7,0.354514
chorale61.mid,7,72,0.06448893,0.1352600033764858,2.8861928000000003,3.9548046572196505,61,8,3.126618
chorale61.mid,8,70,0.45348993,0.2411957681386288,2.0517235,1.1408575796360148,61,9,2.209907
chorale61.mid,9,68,0.044621114,0.3711048343161089,1.4301013,4.486129657765657,61,10,1.063258
chorale61.mid,10,67,0.11348862,0.6362168866846772,0.65240943,3.13938045545649,61,11,1.265056
chorale61.mid,11,65,0.04096692,0.2658341397981271,1.9114017000000005,4.609396758459043,61,12,2.088859
chorale61.mid,12,65,0.0530969,0.131789085556556,2.9236972,4.235228556338154,61,13,2.563018
chorale61.mid,13,63,0.048085917,0.2874705756153485,1.7985138,4.378241758340242,61,14,0.277938
chorale61.mid,14,67,0.031985123,0.1784996066276168,2.4860072000000004,4.966455158562261,61,15,2.012911
chorale61.mid,15,70,0.07207404,0.1616483963232206,2.6290689,3.7943764740998147,61,16,4.058042
chorale61.mid,16,68,0.013738967,0.1723109153827777,2.5369140000000003,6.185582654323372,61,17,2.070164
chorale61.mid,17,67,0.042734176,0.5936792727576498,0.7522443499999999,4.548465885156509,61,18,0.839252
chorale61.mid,18,65,0.022863664,0.433882468873045,1.2046238,5.450799569640866,61,19,1.215884
chorale61.mid,19,63,0.020839868,0.3146174072596933,1.6683296000000003,5.584510050178865,61,20,1.876725
chorale61.mid,20,62,0.0126503175,0.0985829798515713,3.3425176,6.304682595374724,61,21,2.228602
chorale61.mid,21,63,0.19066262,0.2152009721112112,2.2162435,2.3909060683664953,61,22,1.129313
chorale61.mid,22,65,0.1458313,0.3241059923948862,1.6254624000000004,2.7776276940946416,61,23,1.531557
chorale61.mid,23,67,0.16956592,0.5857624832643966,0.7716123000000001,2.5600818541581374,61,24,0.780537
chorale61.mid,24,67,0.13627975,0.1303860835266609,2.9391382,2.875356888907027,61,25,3.433885
chorale61.mid,25,68,0.0060054315,0.2156087450756596,2.2135124,7.37951637502677,61,26,2.279673
chorale61.mid,26,67,0.10523386,0.4280383009065461,1.2241882000000002,3.2483291146457405,61,27,1.091152
chorale61.mid,27,67,0.20687397,0.1267656260190852,2.9797645,2.273175965950426,61,28,2.303564
chorale61.mid,28,68,0.03987912,0.1452527215224507,2.7833629,4.648222615185143,61,29,3.175621
chorale61.mid,29,70,0.048073176,0.5060119636147934,0.9827566000000001,4.378624070133127,61,30,0.74126
chorale61.mid,30,68,0.05482391,0.3370324247479953,1.5690407000000002,4.18905096601725,61,31,2.336551
chorale61.mid,31,67,0.074125566,0.8744900898345993,0.19348605999999996,3.7538849740988742,61,32,0.90852
chorale61.mid,32,65,0.25660217,0.5918911127582845,0.7565962999999999,1.9623947240115935,61,33,1.039125
chorale61.mid,33,67,0.09275959,0.3683812403978966,1.4407285000000003,3.4303597465294238,61,34,1.979346
chorale61.mid,34,65,0.0029389588,0.1792827389901269,2.4796915000000004,8.410479150052668,61,35,3.227
chorale61.mid,35,65,0.012512618,0.1129343447814475,3.146443800000001,6.320472515341859,61,36,3.311388
chorale61.mid,36,67,0.075096734,0.2195277158882689,2.1875250000000004,3.7351060243049834,61,37,1.49262
chorale61.mid,37,69,0.030265478,0.0329742350076813,4.922517,5.046183053238961,61,38,2.640952
chorale61.mid,38,70,0.3819386,0.6987354298210392,0.5171818,1.3885873639437623,61,39,0.104129
chorale61.mid,39,70,0.016999915,0.366897657836399,1.4465504000000002,5.878328656904986,61,40,1.317927
chorale61.mid,40,69,0.011830255,0.1920323799929924,2.3805785,6.401375018610082,61,41,0.757249
chorale61.mid,41,70,0.0993972,0.5173648481651584,0.9507460600000001,3.330650977856485,61,42,0.258914
chorale61.mid,42,70,0.013673116,0.3129735841731287,1.6758872000000002,6.1925141300443345,61,43,2.448113
chorale61.mid,43,67,0.0071210205,0.1590250891043963,2.6526737,7.13370027875271,61,44,3.804334
chorale61.mid,44,72,0.010579249,0.0371475532504103,4.750589000000003,6.562618972760525,61,45,3.822769
chorale61.mid,45,70,0.013082822,0.2998839883858131,1.7375236000000003,6.256182422158898,61,46,0.93452
chorale61.mid,46,68,0.0011874835,0.3082842734446266,1.6976668,9.717876817225706,61,47,1.274562
chorale61.mid,47,67,0.004409158,0.7261373363407941,0.46168566,7.825281108517624,61,48,0.688547
chorale61.mid,48,65,0.008770033,0.5678467759554726,0.8164263999999999,6.833202013389253,61,49,0.545192
chorale61.mid,49,67,0.008934305,0.2136999239952577,2.2263417000000003,6.8064287783445545,61,50,1.992135
chorale61.mid,50,68,0.003132271,0.154495262008999,2.6943655000000004,8.318575246540647,61,51,1.080698
chorale61.mid,51,70,0.00076369295,0.4302351195331821,1.2168028,10.354719673948676,61,52,0.435768
chorale61.mid,52,68,0.0014816646,0.1642502190851198,2.6060328000000004,9.398565378637645,61,53,1.358832
chorale61.mid,53,67,0.0023160658,0.9355160045376752,0.09616575999999995,8.75410804343114,61,54,0.449822
chorale61.mid,54,65,0.012807665,0.6156463514259691,0.69982624,6.28684871175165,61,55,0.384458
chorale61.mid,55,65,0.014353213,0.1841626623262061,2.4409475,6.122482466092753,61,56,0.201493
chorale61.mid,56,63,0.07302558,0.5404209093617476,0.8878446,3.775454278181404,61,57,0.074001
