60,61,62,63,64,65,66,67,68,69,70,71,72,73,74,75,76,77,78,79
0.04603896,0.014171433,0.04940183,0.066114016,0.09240406,0.06449188,0.009276515,0.10846456,0.022485493,0.088960186,0.13354762,0.07352236,0.05877555,0.032964434,0.076751105,0.019178903,0.006626579,0.025809143,0.0048343367,0.0061810645
0.01520382,0.0018470905,0.02126699,0.06992636,0.071901605,0.08140847,0.00540624,0.14462616,0.022479542,0.11389182,0.108119145,0.055314615,0.10179156,0.025327463,0.079998516,0.014890567,0.01420437,0.028177837,0.0073235207,0.016894316
0.014111128,0.00318484,0.013983432,0.05126,0.03985565,0.0499498,0.029010814,0.08602136,0.049498968,0.12585707,0.19583094,0.0355423,0.08746641,0.022692243,0.03103313,0.06172849,0.023165498,0.036378033,0.020206934,0.023223054
0.0113042295,0.0027022087,0.005660279,0.027949195,0.024039615,0.020365804,0.032343622,0.05778398,0.054930072,0.09438181,0.21188855,0.06322991,0.13485691,0.023646701,0.03499986,0.10678467,0.023083795,0.035367165,0.012943392,0.021738103
0.0006583195,9.649231e-05,0.0008521303,0.002013221,0.003308323,0.0026446637,0.005660362,0.014065964,0.011142325,0.032712664,0.1166018,0.082341015,0.37025696,0.027805183,0.10880257,0.14519247,0.035776403,0.02007924,0.0053686965,0.014621268
0.0008946811,0.00016942665,0.0024193716,0.0056201997,0.0102046225,0.0053831483,0.0065536564,0.0365398,0.020560617,0.09184678,0.12058693,0.2298506,0.17092462,0.021111446,0.093086384,0.094692916,0.051903225,0.012975733,0.008069981,0.016605778
0.00078364194,6.8305926e-05,0.0013067372,0.0048968093,0.0059177424,0.0057157367,0.0052297357,0.020923153,0.020212743,0.107678875,0.12976407,0.1508443,0.21830076,0.015746597,0.09338304,0.13338815,0.05219794,0.011420505,0.007897976,0.01432328
0.0044635423,0.0002675899,0.0021345778,0.0077087134,0.00807321,0.0154741015,0.010373781,0.040232953,0.036584675,0.11360517,0.1449299,0.0750521,0.2897088,0.014332156,0.06543938,0.10211671,0.020118674,0.02053384,0.0091686,0.019681474
0.008744969,0.00033773333,0.0029171614,0.010169128,0.009335936,0.028027182,0.013647034,0.05912494,0.030395698,0.0960978,0.16925773,0.034851,0.32175702,0.008717142,0.04981695,0.099420205,0.00985652,0.02206896,0.004871978,0.020585045
0.016677601,0.0002546083,0.0030392625,0.0077208616,0.012765892,0.03332012,0.013765164,0.038795743,0.01329201,0.063190326,0.17354742,0.03569323,0.35768348,0.0065994826,0.061061263,0.096899316,0.012114963,0.03130007,0.004170699,0.01810846
0.015530124,0.00011566098,0.0039853975,0.0067199,0.007154688,0.034898225,0.019182816,0.08639717,0.019819284,0.09718923,0.086836785,0.047443118,0.46576697,0.0030331365,0.038719617,0.04412199,0.005167699,0.007660458,0.0022546677,0.00800301
0.057654653,0.0032926549,0.025607605,0.05620442,0.0412128,0.09485216,0.024598379,0.09478768,0.025823588,0.09338481,0.1497233,0.024501426,0.16567028,0.0096834395,0.03930566,0.04590654,0.0057629114,0.02185458,0.004778706,0.015394371
0.01752069,0.00077670143,0.012805654,0.031290937,0.017455429,0.04304644,0.013047269,0.05635633,0.016401073,0.098274566,0.13425875,0.08116089,0.22751944,0.0065659992,0.095110245,0.10098137,0.014248636,0.014619874,0.00662546,0.011934179
0.04129754,0.0012771852,0.013443653,0.027267763,0.02029956,0.07753527,0.025828976,0.059192758,0.017100792,0.11290065,0.1469238,0.019328883,0.24699453,0.0063840086,0.053530265,0.07192353,0.007158388,0.02509352,0.0056451187,0.02087391
0.0062806504,7.6716264e-05,0.003645164,0.0059994026,0.0060726986,0.027641004,0.016316345,0.070878685,0.020991638,0.09637754,0.105046354,0.09422077,0.37913877,0.007049427,0.08070986,0.04783157,0.009823658,0.008365456,0.006368979,0.0071653505
0.06113218,0.00091184455,0.03816586,0.017596643,0.03868591,0.06839634,0.016869487,0.12121961,0.013922506,0.11169363,0.096001364,0.091055766,0.2178268,0.0044789645,0.053823054,0.02150834,0.008531473,0.0063515203,0.0030892908,0.008739298
0.058844253,0.00036375085,0.02624397,0.009811075,0.02664678,0.06301659,0.011093733,0.09361338,0.0050845672,0.10685546,0.09979091,0.037856676,0.3334986,0.0029923571,0.07270281,0.02173155,0.0055192667,0.017733889,0.0016462619,0.004954228
0.08795144,0.00035189785,0.023884539,0.008850292,0.026634607,0.05825939,0.01273752,0.08379189,0.0049342187,0.11150963,0.09611526,0.026283816,0.3089455,0.002693283,0.085146256,0.024556194,0.005416301,0.021909699,0.0020495788,0.007978632
0.066174224,0.00021623736,0.014252537,0.0052641584,0.008495414,0.034366746,0.012376426,0.13698219,0.008110488,0.07348029,0.038614213,0.043265153,0.48962235,0.0016585432,0.039456178,0.010990297,0.002748185,0.005882248,0.0017509691,0.006293118
0.08903078,0.00025619206,0.019686267,0.0064961025,0.013563957,0.035457555,0.015166087,0.114206694,0.007161486,0.09811382,0.04005073,0.039133683,0.46660528,0.0015643473,0.026993783,0.010905964,0.0031000173,0.005355777,0.0021638244,0.004987698
0.07443151,0.00016512722,0.03939071,0.020728014,0.091414824,0.07985709,0.022146547,0.16673931,0.004689021,0.20792966,0.037667852,0.054707583,0.15858965,0.0009729447,0.02116959,0.010603142,0.004867028,0.0020135671,0.00039302497,0.0015237838
0.049914517,0.00011267091,0.032225665,0.014552272,0.084154,0.07903172,0.020021018,0.15872632,0.0038761601,0.24141428,0.0498686,0.0626217,0.15784633,0.0009448042,0.024094723,0.009055423,0.0059917113,0.0036085583,0.00046981222,0.0014696803
0.050260622,0.00011024663,0.05945135,0.036637146,0.11031066,0.10783722,0.028665148,0.17687969,0.004120272,0.14470294,0.06672482,0.051332187,0.09735961,0.00088324526,0.04836996,0.009493228,0.0032975646,0.0024259025,0.0005635546,0.0005747617
0.00066287344,5.6396625e-06,0.0005467209,0.0013584481,0.0011787793,0.0023918513,0.0011900977,0.0076706284,0.0060482686,0.024375357,0.04605957,0.06819126,0.26038173,0.008765544,0.38879585,0.09355417,0.043759715,0.03160845,0.010091696,0.0033633248
0.00047547137,2.5532863e-06,0.00059222174,0.00032775282,0.0025190085,0.0021943941,0.0010879046,0.010258396,0.0017163899,0.027033292,0.02231868,0.05340177,0.6737811,0.00775214,0.11244139,0.02891067,0.041800193,0.006197839,0.0018126401,0.0053762733
0.0019249774,1.9951589e-05,0.008422855,0.0011522548,0.02353658,0.023040745,0.0061687278,0.05406886,0.0013882035,0.079777315,0.11585823,0.37142724,0.16843802,0.0028355683,0.11211103,0.006901157,0.012194855,0.006883302,0.0012202893,0.0026297965
0.0137412045,0.000121715304,0.008337765,0.0053510573,0.022960495,0.03563912,0.007858808,0.055285767,0.007381294,0.22661823,0.16892488,0.04370652,0.27826127,0.0076662716,0.07827203,0.01793694,0.007998595,0.008150659,0.0016358455,0.004151594
0.009915978,2.1825323e-05,0.0053395485,0.0009834325,0.00551271,0.036882963,0.0097030075,0.3532314,0.010608135,0.11738343,0.06593905,0.117781565,0.21755695,0.00072139193,0.039744504,0.0022838262,0.0016809113,0.002351088,0.00070428726,0.0016540731
0.03190611,3.531159e-05,0.006086328,0.0017191663,0.0059634047,0.025637195,0.00797279,0.15371002,0.0072335545,0.13564618,0.06985627,0.053819593,0.45384455,0.00080504233,0.032815423,0.0043294006,0.001960932,0.0027619493,0.0011516504,0.002745206
0.04603896,0.014171433,0.04940183,0.066114016,0.09240406,0.06449188,0.009276515,0.10846456,0.022485493,0.088960186,0.13354762,0.07352236,0.05877555,0.032964434,0.076751105,0.019178903,0.006626579,0.025809143,0.0048343367,0.0061810645
0.030125687,0.0001501696,0.05476841,0.20478511,0.022850703,0.09245286,0.0045163888,0.27211916,0.0050444677,0.10196541,0.1145824,0.02923968,0.029894782,0.0005938807,0.029438872,0.005539176,0.00038983842,0.0012248475,5.2989533e-05,0.00026516506
0.03017602,0.00038416727,0.026157815,0.19447786,0.0065088356,0.08777297,0.0006516745,0.17207122,0.012332885,0.03329822,0.32518727,0.015488419,0.02933881,0.0019676166,0.026381183,0.024273926,0.00095411413,0.009923966,0.0008067315,0.0018461726
0.069558114,0.00019930945,0.12313348,0.06464109,0.003145397,0.07812771,0.0010976498,0.11955566,0.007309268,0.05233679,0.2984365,0.010262811,0.11178236,0.00042389505,0.04642878,0.010276267,0.00019537153,0.0023106977,0.000102414575,0.0006765211
0.03282953,0.00021401721,0.021527903,0.1287776,0.0025373993,0.060879298,0.0007484175,0.10022448,0.014526013,0.028715096,0.40546522,0.01290019,0.104547665,0.0008889102,0.024126207,0.05142077,0.0005105171,0.0063927965,0.00033987084,0.002428096
0.03771273,0.00014314438,0.015592164,0.061597325,0.003371666,0.06329623,0.0033569708,0.14508177,0.0131334,0.064016454,0.30880097,0.017173918,0.15637025,0.0006531711,0.027823089,0.07100953,0.00093663944,0.006761517,0.00019476938,0.0029742916
0.0075069633,0.00012356839,0.0042625912,0.0072345836,0.0018783989,0.012891409,0.0013932582,0.12878425,0.022255998,0.08417068,0.35156918,0.050570123,0.18863507,0.0035631831,0.068323076,0.042353213,0.0046283365,0.015296484,0.0011014938,0.0034581432
0.001816661,3.143192e-05,0.000709048,0.0045887656,0.00037474008,0.0059738755,0.00037470757,0.044757508,0.013383642,0.059463657,0.47762233,0.020008596,0.22723837,0.003010365,0.049257558,0.06619448,0.001470826,0.01881417,0.00069748895,0.0042116833
0.00037762974,1.101101e-05,0.0004012836,0.0023416523,0.0002688733,0.0028064963,0.0002237872,0.029433448,0.008903882,0.02972548,0.49599174,0.019479351,0.22964738,0.010089184,0.09083837,0.06864718,0.0023087587,0.007523885,0.0002284721,0.0007520858
0.0015521544,1.3814694e-05,0.00091183424,0.00991201,0.00056418666,0.010998708,0.00052248477,0.05190295,0.04722812,0.140562,0.31762543,0.012105448,0.27139613,0.0029665635,0.03525759,0.08765535,0.0008104532,0.0068697445,0.0001330431,0.0010119652
0.00259263,5.003813e-05,0.0013336911,0.008689591,0.0050108735,0.03297141,0.0018740371,0.15569523,0.049039338,0.08598713,0.36957753,0.029129805,0.14753513,0.012407851,0.029861735,0.043278128,0.004020604,0.019205783,0.00050106295,0.0012383646
0.0072355587,0.00011749338,0.0029014153,0.04202434,0.0037419933,0.07115404,0.0013544753,0.14343202,0.08066397,0.038645595,0.3118355,0.019342925,0.13924971,0.005108364,0.013135783,0.10767815,0.0017547639,0.008809975,0.00027469132,0.001539175
0.014923457,0.000102520076,0.005454587,0.14715868,0.0050925952,0.083578415,0.0006855012,0.16661789,0.019892534,0.018158436,0.37560472,0.008499717,0.08662317,0.0018204391,0.008280261,0.05406268,0.00047997455,0.0024235672,7.840273e-05,0.00046238783
0.009707667,3.2546777e-05,0.0044067535,0.057597585,0.0034328979,0.07171898,0.0009280115,0.14735436,0.024858417,0.02877598,0.37117523,0.017551662,0.1513438,0.0020180328,0.015581319,0.087285385,0.00091373286,0.0042429236,0.00014238019,0.00093244796
0.07122582,5.0313618e-05,0.0093116965,0.038126085,0.0057905847,0.10249562,0.0012633008,0.07637447,0.020414665,0.050426453,0.21335167,0.011768096,0.3165134,0.001213375,0.018812584,0.052220296,0.000639961,0.008004351,0.00019573972,0.0018015138
0.035888284,6.9184e-05,0.0063803536,0.028639674,0.010405844,0.09460112,0.004661354,0.18394105,0.023742175,0.0801871,0.23726885,0.018528622,0.21089669,0.0011039713,0.009718838,0.045055404,0.00094554585,0.006789199,0.00012318125,0.0010534623
0.00879794,1.4349441e-05,0.002337208,0.014673827,0.0019368626,0.021478487,0.00078555825,0.090861104,0.019631758,0.08418992,0.33862555,0.010236416,0.31395617,0.0011878153,0.02787577,0.0531497,0.00075896527,0.008041873,0.00019950146,0.0012613006
0.013453764,6.757294e-05,0.0033497147,0.013442048,0.006944703,0.04994451,0.001428227,0.15153618,0.0258291,0.06961725,0.27350464,0.031422284,0.25808704,0.0045286,0.03327774,0.039108362,0.0030750658,0.01838972,0.000709354,0.0022841652
0.0442527,0.00016461436,0.007375056,0.054024205,0.013017866,0.11861208,0.004268709,0.13140129,0.03072738,0.04710619,0.2380473,0.017962161,0.1927163,0.0021943066,0.013102311,0.068207696,0.0018759042,0.011249844,0.0005576703,0.0031363918
0.05887637,0.00019669672,0.015081175,0.11207281,0.01379203,0.12124111,0.0024676672,0.15206155,0.015933672,0.035147425,0.24234742,0.016170776,0.14801173,0.0016476549,0.013330596,0.044950362,0.00091241323,0.0040911185,0.0002667906,0.0014006516
0.123281054,0.00014939967,0.017724223,0.04627742,0.005728881,0.12695923,0.002216662,0.12910566,0.02309462,0.040578436,0.1507504,0.0066959835,0.27049538,0.0014117041,0.014108976,0.036735356,0.0003237245,0.0031417133,0.00013176097,0.0010894281
0.25613537,0.00063429517,0.03716706,0.22380503,0.021647058,0.089531206,0.0045983805,0.11920313,0.013292818,0.027502196,0.09845452,0.011731814,0.068442024,0.00064539385,0.0065521738,0.018742427,0.00024522954,0.0012260408,7.824552e-05,0.0003656372
0.26476195,0.00022023049,0.040901124,0.096029475,0.0062925406,0.16645314,0.0021564504,0.13269982,0.0141336415,0.032586362,0.114000835,0.0050171097,0.10436461,0.0002731514,0.0072794645,0.011600533,4.5973135e-05,0.0009921219,1.6664282e-05,0.00017476613
0.06368932,0.00014591857,0.01972856,0.32031572,0.0044817226,0.1108664,0.0013801948,0.17280088,0.009623383,0.015189601,0.21226701,0.0045238356,0.040323317,0.00026496022,0.0038378562,0.020007836,4.1277603e-05,0.0004373687,1.0946606e-05,6.388861e-05
0.04263117,9.2547496e-05,0.010923583,0.12931427,0.014567226,0.14554702,0.006219101,0.14895505,0.033469323,0.05857438,0.2289877,0.010669109,0.100122295,0.0010127102,0.0073720654,0.05921159,0.00031861739,0.0017250611,3.2833548e-05,0.00025425127
0.08920112,0.0001005612,0.016080914,0.06686116,0.027750053,0.110464215,0.010374821,0.112354204,0.011850655,0.07782187,0.24556565,0.019849397,0.14788866,0.0012283026,0.013432234,0.0444065,0.00083757046,0.0032587654,9.7516895e-05,0.0005757932
0.013403868,8.990496e-05,0.0036556935,0.01648328,0.005469071,0.039760936,0.0012036266,0.13688149,0.022719195,0.054003652,0.3057107,0.044003334,0.24396946,0.00942927,0.037125118,0.052119296,0.0033863655,0.008316321,0.0008131649,0.001456269
0.019185483,5.975237e-05,0.008770608,0.09294635,0.015074751,0.1594649,0.005993523,0.20919842,0.030566968,0.06907623,0.16796948,0.032586847,0.12773237,0.0015830584,0.017598704,0.0391896,0.00081573345,0.001822826,8.9085814e-05,0.00027526985
0.028640237,7.0401904e-05,0.008907579,0.13921621,0.028589055,0.1849994,0.009255628,0.21685305,0.040546447,0.091002464,0.13833177,0.014104063,0.06756883,0.00087446807,0.005612076,0.023796499,0.00056104973,0.00092843623,3.49743e-05,0.00010728187
0.06535945,0.00040859028,0.01197763,0.040802147,0.019613922,0.12293724,0.0028663173,0.26953724,0.024800582,0.07166888,0.15191153,0.03458498,0.13294369,0.0061438093,0.018051986,0.017217804,0.0018117403,0.0063766693,0.0003393935,0.0006464211
0.029825946,0.00027364455,0.007109825,0.06946485,0.007424196,0.03625022,0.0011028575,0.3008364,0.06787214,0.08405025,0.16969657,0.009607981,0.14303616,0.0048124944,0.019159487,0.042000465,0.0010623428,0.005709751,0.000157038,0.00054735644
0.053450275,0.0003812387,0.009462887,0.044444274,0.028468126,0.08429821,0.0018060677,0.252081,0.02965623,0.07787857,0.14745499,0.036351446,0.15686125,0.009205197,0.03159867,0.021005057,0.002979256,0.0112368725,0.000452284,0.00092803367
0.040738557,0.00031626003,0.009222596,0.16909584,0.022821529,0.2738137,0.0044765556,0.1810185,0.057959694,0.03837602,0.110983975,0.007130247,0.05102521,0.001785561,0.0044785687,0.024762632,0.00045819033,0.0012996155,4.518417e-05,0.0001916254
0.100307286,0.0006660332,0.026077513,0.44811302,0.023173334,0.10779501,0.0017195136,0.12716575,0.009841024,0.012528622,0.081594065,0.0045124507,0.03331753,0.0011787956,0.0040553655,0.01717868,0.00019993329,0.00043809725,3.9191298e-05,9.877396e-05
0.10691236,0.0010381003,0.02567573,0.046454404,0.0385176,0.07173348,0.00888982,0.1793587,0.037596285,0.083473794,0.12407136,0.068075486,0.11723115,0.0066678575,0.020350166,0.044295702,0.0046237675,0.009656925,0.0016452357,0.003732102
0.12549402,0.00066275534,0.05109683,0.2896609,0.06141243,0.07003504,0.0036840534,0.13656509,0.0103363525,0.02962166,0.09319998,0.01943506,0.06550203,0.0018653866,0.010114799,0.028663378,0.0013283822,0.0007522525,0.00019878735,0.00037087896
0.1871733,0.00046059478,0.055865142,0.36658555,0.05088761,0.078336686,0.003474433,0.11675226,0.0050992165,0.021202538,0.05215383,0.008238745,0.033511683,0.0004509156,0.0034434372,0.01554847,0.00033603513,0.00030583615,4.9793573e-05,0.00012397028
0.06792947,0.0003447914,0.016343867,0.05447623,0.05765044,0.07036094,0.007877247,0.19047436,0.045309294,0.09121068,0.09354262,0.04142644,0.16721885,0.0060319672,0.015644435,0.06319235,0.0061663217,0.002967449,0.0003799229,0.0014523412
0.0011703687,4.4656103e-06,0.0008557528,0.0011094834,0.0005404739,0.027288808,0.0029139786,0.18176967,0.0061490904,0.13061944,0.38560107,0.09547077,0.1525994,0.0006019213,0.008714395,0.0027272997,0.00015386562,0.0015775919,4.7012592e-05,8.5155436e-05
0.060682066,0.00026440466,0.015456528,0.054848846,0.021548556,0.029691849,0.002050914,0.13945931,0.03626461,0.19381656,0.15363936,0.015977358,0.2233857,0.0025926726,0.025648853,0.020023571,0.0012854179,0.0022946566,0.00026137734,0.00080736715
0.07936276,0.0001867758,0.0145257795,0.057179563,0.022953121,0.032393284,0.0020052926,0.12494115,0.024947844,0.15180027,0.18227877,0.011422375,0.23161015,0.001565266,0.02175614,0.031404357,0.0015456321,0.005742145,0.0004231887,0.0019560957
0.022752302,5.173479e-05,0.003797994,0.008548438,0.0035590697,0.079168454,0.0033834707,0.18223989,0.008851511,0.09042267,0.27050495,0.015285173,0.28756702,0.0009276405,0.009876259,0.010024792,0.00022226204,0.0021183398,0.00010359009,0.0005945109
0.032854453,0.00019792285,0.0075182966,0.022811545,0.009611212,0.028961977,0.0020028143,0.103049554,0.016382303,0.09054167,0.26954752,0.024275377,0.31935254,0.004526218,0.02513193,0.03152199,0.0015759763,0.005868639,0.00069167436,0.003576325
0.0418942,0.00014874968,0.0067417882,0.023016665,0.0107858265,0.02620146,0.0019330591,0.12513115,0.017877646,0.104200006,0.2471533,0.020068707,0.3066749,0.0030206053,0.02106157,0.02997955,0.0015756224,0.008679906,0.0006507686,0.00320455
0.13777636,0.00036921608,0.01537426,0.09136708,0.042905655,0.119704865,0.008120207,0.13486968,0.021696696,0.069632396,0.18208864,0.015969636,0.116525546,0.001488946,0.007521252,0.029428674,0.001024527,0.0029857564,0.0001876611,0.0009629746
0.014701872,0.00024305398,0.005665721,0.020928979,0.008620214,0.028056912,0.0018037201,0.07463578,0.013683619,0.05217662,0.28490168,0.048767023,0.3205626,0.010144838,0.041924655,0.055938657,0.0044211447,0.008047231,0.000993425,0.003782139
0.07096975,0.0002490509,0.012917929,0.053162385,0.028932141,0.033994753,0.0031759955,0.13146058,0.02474347,0.13319209,0.1890172,0.016979601,0.24908808,0.0023673465,0.014044295,0.026087297,0.002361036,0.004641916,0.0004782377,0.0021368295
0.14157934,0.00058862276,0.014378695,0.031890765,0.035339117,0.103392266,0.0028379546,0.2134199,0.022791192,0.08081232,0.11173092,0.032427248,0.16336139,0.0029258246,0.014142671,0.011853687,0.0028244222,0.010899507,0.00073544524,0.002068797
0.15826467,0.00057307404,0.011445829,0.049046073,0.038756944,0.15344915,0.008218169,0.15526484,0.030786984,0.05965139,0.12766792,0.021627825,0.14764914,0.002068436,0.0052887206,0.020161426,0.0017639435,0.005159693,0.00058745564,0.002568364
0.1518343,0.00040354315,0.037114516,0.12523033,0.024261152,0.11692259,0.0043220576,0.17472629,0.013396135,0.04423841,0.12585519,0.02266704,0.1153881,0.0017317212,0.01219882,0.024474999,0.0007796143,0.002031155,0.0005381348,0.001885923
0.08562277,0.0001298011,0.012871129,0.029042577,0.025022706,0.15525666,0.005872171,0.20247127,0.01711464,0.09245213,0.12131136,0.025354778,0.19666529,0.0010122228,0.0072481628,0.01683838,0.0009414345,0.0034040306,0.00011604156,0.0012524127
0.17189243,0.0009947051,0.018845871,0.022899043,0.026604323,0.09016729,0.00312677,0.11960682,0.01468544,0.07306462,0.11157564,0.051524665,0.23880358,0.0041666958,0.015855307,0.012924136,0.003990087,0.0134745985,0.0014151181,0.004382872
0.075450696,0.00042519992,0.0135554,0.04800866,0.028149506,0.030080881,0.0034694923,0.16080712,0.030810885,0.1296676,0.13433094,0.021199623,0.26558504,0.0033710536,0.02114439,0.020672107,0.0030402262,0.0058186487,0.0011060266,0.003306473
0.09992713,0.00090887886,0.0104220025,0.03028965,0.026941419,0.08412656,0.0029375758,0.16230991,0.022109054,0.08204923,0.14848053,0.036064498,0.23125929,0.0063890223,0.018869784,0.0146262925,0.0037384056,0.0133465305,0.0015071043,0.003697122
0.20566764,0.0016139038,0.013098972,0.08885287,0.025310913,0.18723094,0.0066232015,0.13663527,0.039875444,0.035600755,0.10505141,0.009011708,0.114439696,0.0020785036,0.0039116973,0.01826222,0.0009609229,0.0036606856,0.00035116685,0.0017621425
0.13693383,0.0008885174,0.018513465,0.14995725,0.014357728,0.12992042,0.0033004323,0.22536848,0.009822952,0.027046513,0.13423823,0.0064605526,0.11103128,0.0011052528,0.005556612,0.021971742,0.00045580202,0.0015267499,0.0002159707,0.001328195
0.15359454,0.00043377982,0.03441074,0.19017485,0.020667346,0.113129474,0.0041672145,0.18980192,0.01156957,0.053797413,0.09258896,0.009410453,0.090854734,0.0008672064,0.0077478727,0.024377905,0.00036653146,0.0009094575,0.00014500305,0.0009849756
