filename,note_index,actual_pitch,probability
chorale151.mid,0,71,5.581687e-05
chorale151.mid,1,71,3.6011653e-07
chorale151.mid,2,71,0.0003283746
chorale151.mid,3,74,0.0004151313
chorale151.mid,4,72,0.2442572
chorale151.mid,5,72,0.007656693
chorale151.mid,6,71,0.038429815
chorale151.mid,7,71,0.0036159907
chorale151.mid,8,71,0.0022262414
chorale151.mid,9,69,0.00483455
chorale151.mid,10,71,0.0062805056
chorale151.mid,11,72,8.893419e-05
chorale151.mid,12,71,0.0034703305
chorale151.mid,13,69,0.0014191876
chorale151.mid,14,67,0.008222187
chorale151.mid,15,71,0.0015240925
chorale151.mid,16,71,0.00049856806
chorale151.mid,17,69,0.002301537
chorale151.mid,18,69,0.0029099826
chorale151.mid,19,67,0.003548807
chorale151.mid,20,67,0.037665486
chorale151.mid,21,66,0.0054784883
chorale151.mid,22,76,0.000988194
chorale151.mid,23,74,0.28253487
chorale151.mid,24,72,0.60610443
chorale151.mid,25,71,0.2878408
chorale151.mid,26,69,0.03048006
chorale151.mid,27,69,0.07222694
chorale151.mid,28,67,0.034654513
chorale61.mid,0,67,8.234437e-05
chorale61.mid,1,65,0.003633363
chorale61.mid,2,63,0.00022653175
chorale61.mid,3,65,0.009993784
chorale61.mid,4,67,0.0016877652
chorale61.mid,5,68,0.0010898411
chorale61.mid,6,70,0.03425072
chorale61.mid,7,72,0.06448893
chorale61.mid,8,70,0.45348993
chorale61.mid,9,68,0.044621114
chorale61.mid,10,67,0.11348862
chorale61.mid,11,65,0.04096692
chorale61.mid,12,65,0.0530969
chorale61.mid,13,63,0.048085917
chorale61.mid,14,67,0.031985123
chorale61.mid,15,70,0.07207404
chorale61.mid,16,68,0.013738967
chorale61.mid,17,67,0.042734176
chorale61.mid,18,65,0.022863664
chorale61.mid,19,63,0.020839868
chorale61.mid,20,62,0.0126503175
chorale61.mid,21,63,0.19066262
chorale61.mid,22,65,0.1458313
chorale61.mid,23,67,0.16956592
chorale61.mid,24,67,0.13627975
chorale61.mid,25,68,0.0060054315
chorale61.mid,26,67,0.10523386
chorale61.mid,27,67,0.20687397
chorale61.mid,28,68,0.03987912
chorale61.mid,29,70,0.048073176
chorale61.mid,30,68,0.05482391
chorale61.mid,31,67,0.074125566
chorale61.mid,32,65,0.25660217
chorale61.mid,33,67,0.09275959
chorale61.mid,34,65,0.0029389588
chorale61.mid,35,65,0.012512618
chorale61.mid,36,67,0.075096734
chorale61.mid,37,69,0.030265478
chorale61.mid,38,70,0.3819386
chorale61.mid,39,70,0.016999915
chorale61.mid,40,69,0.011830255
chorale61.mid,41,70,0.0993972
chorale61.mid,42,70,0.013673116
chorale61.mid,43,67,0.0071210205
chorale61.mid,44,72,0.010579249
chorale61.mid,45,70,0.013082822
chorale61.mid,46,68,0.0011874835
chorale61.mid,47,67,0.004409158
chorale61.mid,48,65,0.008770033
chorale61.mid,49,67,0.008934305
chorale61.mid,50,68,0.003132271
chorale61.mid,51,70,0.00076369295
chorale61.mid,52,68,0.0014816646
chorale61.mid,53,67,0.0023160658
chorale61.mid,54,65,0.012807665
chorale61.mid,55,65,0.014353213
chorale61.mid,56,63,0.07302558
